Timestamp,Dataset,Type,Size_MB,Rows,Columns,Prediction,Classification_Time_ms,Model
2025-03-26 18:56:16,TestData/realData\Amazon stock data 2000-2025.csv,realData,0.76,6321,7,fake,163,random_forest_grid_search.pkl
2025-03-26 18:56:17,TestData/realData\AnimalCrossingAccessories.csv,realData,0.05,222,22,real,99,random_forest_grid_search.pkl
2025-03-26 18:56:17,TestData/realData\bank_transactions_data_2.csv,realData,0.33,2512,16,real,132,random_forest_grid_search.pkl
2025-03-26 18:56:17,TestData/realData\big4_financial_risk_compliance.csv,realData,0.01,100,12,real,85,random_forest_grid_search.pkl
2025-03-26 18:56:17,TestData/realData\Elite Sports Cars in Data.csv,realData,0.79,5000,27,real,189,random_forest_grid_search.pkl
2025-03-26 18:56:17,TestData/realData\JPM_1940-01-01_2025-03-04.csv,realData,1.27,11333,7,fake,235,random_forest_grid_search.pkl
2025-03-26 18:56:17,TestData/realData\meets.csv,realData,0.60,8482,8,fake,151,random_forest_grid_search.pkl
2025-03-26 18:56:17,TestData/realData\Mobiles Dataset (2025).csv,realData,0.13,930,15,real,101,random_forest_grid_search.pkl
2025-03-26 18:56:18,TestData/realData\titanic.csv,realData,0.06,891,12,real,100,random_forest_grid_search.pkl
2025-03-26 18:56:18,TestData/realData\AnxietyData\enhanced_anxiety_dataset.csv,realData,0.72,11000,19,real,241,random_forest_grid_search.pkl
2025-03-26 18:56:18,TestData/realData\AnxietyData\family_anxiety_14_dataset.csv,realData,0.71,11000,19,real,282,random_forest_grid_search.pkl
2025-03-26 18:56:18,TestData/realData\EuroStat\acf_s_ne.csv,realData,0.06,960,11,real,89,random_forest_grid_search.pkl
2025-03-26 18:56:18,TestData/realData\EuroStat\acf_s_own.csv,realData,0.52,7200,12,real,114,random_forest_grid_search.pkl
2025-03-26 18:56:18,TestData/realData\EuroStat\acf_s_ty.csv,realData,0.40,5760,12,real,111,random_forest_grid_search.pkl
2025-03-26 18:56:18,TestData/realData\EuroStat\aei_ef_ir.csv,realData,0.19,2832,10,real,96,random_forest_grid_search.pkl
2025-03-26 18:56:19,TestData/realData\EuroStat\aei_ef_ls.csv,realData,0.60,8782,10,real,116,random_forest_grid_search.pkl
2025-03-26 18:56:19,TestData/realData\EuroStat\aei_ef_lu.csv,realData,0.38,5587,10,real,103,random_forest_grid_search.pkl
2025-03-26 18:56:19,TestData/realData\EuroStat\aei_fm_ms.csv,realData,2.18,31658,10,real,202,random_forest_grid_search.pkl
2025-03-26 18:56:19,TestData/realData\EuroStat\aei_fm_salpest09.csv,realData,3.10,44641,10,real,280,random_forest_grid_search.pkl
2025-03-26 18:56:19,TestData/realData\EuroStat\aei_fm_usefert.csv,realData,0.32,4982,10,real,106,random_forest_grid_search.pkl
2025-03-26 18:56:19,TestData/realData\EuroStat\aei_hri.csv,realData,0.05,729,10,real,90,random_forest_grid_search.pkl
2025-03-26 18:56:19,TestData/realData\EuroStat\aei_pestsal_rsk.csv,realData,0.14,1956,10,real,97,random_forest_grid_search.pkl
2025-03-26 18:56:20,TestData/realData\EuroStat\aei_pestuse.csv,realData,5.66,81520,11,real,421,random_forest_grid_search.pkl
2025-03-26 18:56:20,TestData/realData\EuroStat\aei_pr_gnb.csv,realData,4.10,61153,10,real,377,random_forest_grid_search.pkl
2025-03-26 18:56:22,TestData/realData\EuroStat\aei_pr_soiler.csv,realData,31.44,392400,11,real,1789,random_forest_grid_search.pkl
2025-03-26 18:56:22,TestData/realData\EuroStat\aei_ps_inp.csv,realData,2.81,39706,10,real,225,random_forest_grid_search.pkl
2025-03-26 18:56:48,TestData/realData\EuroStat\agr_r_accts.csv,realData,366.22,4760591,11,real,25556,random_forest_grid_search.pkl
2025-03-26 18:57:01,TestData/realData\EuroStat\agr_r_accts_h.csv,realData,186.66,2320007,11,real,13100,random_forest_grid_search.pkl
2025-03-26 18:57:03,TestData/realData\EuroStat\agr_r_animal.csv,realData,32.00,440036,10,real,1807,random_forest_grid_search.pkl
2025-03-26 18:57:03,TestData/realData\EuroStat\agr_r_milkpr.csv,realData,0.82,11497,10,real,137,random_forest_grid_search.pkl
2025-03-26 18:57:03,TestData/realData\EuroStat\estat_hlth_dh010_filtered_en.csv,realData,0.05,378,13,real,86,random_forest_grid_search.pkl
2025-03-26 18:57:03,TestData/realData\EuroStat\estat_hlth_silc_18_filtered_en.csv,realData,0.04,360,13,real,85,random_forest_grid_search.pkl
2025-03-26 18:57:04,TestData/realData\EuroStat\mar_go_aa.csv,realData,6.31,90862,10,real,436,random_forest_grid_search.pkl
2025-03-26 18:57:12,TestData/realData\EuroStat\mar_go_am_be.csv,realData,131.83,1620553,13,real,8042,random_forest_grid_search.pkl
2025-03-26 18:57:13,TestData/realData\EuroStat\mar_go_am_bg.csv,realData,23.70,292595,13,real,1521,random_forest_grid_search.pkl
2025-03-26 18:57:15,TestData/realData\EuroStat\mar_go_am_cy.csv,realData,24.18,298126,13,real,2137,random_forest_grid_search.pkl
2025-03-26 18:57:30,TestData/realData\EuroStat\mar_go_am_de.csv,realData,243.04,2987432,13,real,14281,random_forest_grid_search.pkl
2025-03-26 18:57:34,TestData/realData\EuroStat\mar_go_am_dk.csv,realData,79.40,962436,13,real,4922,random_forest_grid_search.pkl
2025-03-26 18:57:36,TestData/realData\EuroStat\mar_go_am_ee.csv,realData,24.01,293860,13,real,1587,random_forest_grid_search.pkl
2025-03-26 18:57:41,TestData/realData\EuroStat\mar_go_am_el.csv,realData,86.53,1055720,13,real,5357,random_forest_grid_search.pkl
2025-03-26 18:58:11,TestData/realData\EuroStat\mar_go_am_es.csv,realData,505.30,6174717,13,real,29731,random_forest_grid_search.pkl
2025-03-26 18:58:16,TestData/realData\EuroStat\mar_go_am_fi.csv,realData,78.40,946160,13,real,5070,random_forest_grid_search.pkl
2025-03-26 18:58:35,TestData/realData\EuroStat\mar_go_am_fr.csv,realData,309.56,3808510,13,real,18399,random_forest_grid_search.pkl
2025-03-26 18:58:36,TestData/realData\EuroStat\mar_go_am_hr.csv,realData,16.84,206571,13,real,1077,random_forest_grid_search.pkl
2025-03-26 18:58:37,TestData/realData\EuroStat\mar_go_am_ie.csv,realData,28.75,350611,13,real,1565,random_forest_grid_search.pkl
2025-03-26 18:58:53,TestData/realData\EuroStat\mar_go_am_it.csv,realData,269.36,3259213,13,real,15450,random_forest_grid_search.pkl
2025-03-26 18:58:54,TestData/realData\EuroStat\mar_go_am_lt.csv,realData,20.78,256752,13,real,1225,random_forest_grid_search.pkl
2025-03-26 18:58:56,TestData/realData\EuroStat\mar_go_am_lv.csv,realData,29.67,363403,13,real,1827,random_forest_grid_search.pkl
2025-03-26 18:58:56,TestData/realData\EuroStat\mar_go_am_me.csv,realData,1.24,15262,13,real,157,random_forest_grid_search.pkl
2025-03-26 18:58:57,TestData/realData\EuroStat\mar_go_am_mt.csv,realData,26.05,321251,13,real,1580,random_forest_grid_search.pkl
2025-03-26 18:59:08,TestData/realData\EuroStat\mar_go_am_nl.csv,realData,186.40,2279184,13,real,10977,random_forest_grid_search.pkl
2025-03-26 18:59:14,TestData/realData\EuroStat\mar_go_am_no.csv,realData,96.16,1160467,13,real,5554,random_forest_grid_search.pkl
2025-03-26 18:59:17,TestData/realData\EuroStat\mar_go_am_pl.csv,realData,42.68,521955,13,real,2750,random_forest_grid_search.pkl
2025-03-26 18:59:23,TestData/realData\EuroStat\mar_go_am_pt.csv,realData,98.42,1205572,13,real,5786,random_forest_grid_search.pkl
2025-03-26 18:59:24,TestData/realData\EuroStat\mar_go_am_ro.csv,realData,28.94,357521,13,real,1771,random_forest_grid_search.pkl
2025-03-26 18:59:34,TestData/realData\EuroStat\mar_go_am_se.csv,realData,172.48,2103091,13,real,9983,random_forest_grid_search.pkl
2025-03-26 18:59:35,TestData/realData\EuroStat\mar_go_am_si.csv,realData,16.57,204799,13,real,1097,random_forest_grid_search.pkl
2025-03-26 18:59:36,TestData/realData\EuroStat\naida_10_a10.csv,realData,8.44,113460,11,real,540,random_forest_grid_search.pkl
2025-03-26 18:59:37,TestData/realData\EuroStat\naida_10_gdp.csv,realData,21.71,300774,10,real,1408,random_forest_grid_search.pkl
2025-03-26 18:59:38,TestData/realData\EuroStat\naida_10_pe.csv,realData,1.32,17966,10,real,163,random_forest_grid_search.pkl
2025-03-26 18:59:39,TestData/realData\EuroStat\naidq_10_a10.csv,realData,31.92,394071,12,real,1456,random_forest_grid_search.pkl
2025-03-26 18:59:42,TestData/realData\EuroStat\naidq_10_gdp.csv,realData,74.60,944097,11,real,3293,random_forest_grid_search.pkl
2025-03-26 18:59:43,TestData/realData\EuroStat\naidq_10_pe.csv,realData,5.27,65629,11,real,321,random_forest_grid_search.pkl
2025-03-26 19:00:12,TestData/realData\EuroStat\naidsa_10_f_bs.csv,realData,511.26,6157235,13,real,29445,random_forest_grid_search.pkl
2025-03-26 19:00:41,TestData/realData\EuroStat\naidsa_10_f_tr.csv,realData,507.99,6146981,13,real,28841,random_forest_grid_search.pkl
2025-03-26 19:00:50,TestData/realData\EuroStat\naidsa_10_nf_tr.csv,realData,152.34,1881166,12,real,9268,random_forest_grid_search.pkl
2025-03-26 19:01:25,TestData/realData\EuroStat\naidsq_10_f_bs.csv,realData,792.33,8862146,13,real,35277,random_forest_grid_search.pkl
2025-03-26 19:01:58,TestData/realData\EuroStat\naidsq_10_f_tr.csv,realData,725.46,8185043,13,real,32635,random_forest_grid_search.pkl
2025-03-26 19:02:11,TestData/realData\EuroStat\naidsq_10_nf_tr.csv,realData,273.82,3125921,13,real,12523,random_forest_grid_search.pkl
2025-03-26 19:02:33,TestData/realData\EuroStat\naio_10_cp15.csv,realData,397.00,4870698,12,real,22191,random_forest_grid_search.pkl
2025-03-26 19:02:57,TestData/realData\EuroStat\naio_10_cp16.csv,realData,434.93,5321103,12,real,23997,random_forest_grid_search.pkl
2025-03-26 19:03:49,TestData/realData\EuroStat\naio_10_cp1610.csv,realData,942.00,11307461,12,real,52427,random_forest_grid_search.pkl
2025-03-26 19:04:03,TestData/realData\EuroStat\naio_10_cp1620.csv,realData,236.85,2862324,12,real,13926,random_forest_grid_search.pkl
2025-03-26 19:04:17,TestData/realData\EuroStat\naio_10_cp1630.csv,realData,240.57,2901991,12,real,13652,random_forest_grid_search.pkl
2025-03-26 19:04:52,TestData/realData\EuroStat\naio_10_cp1700.csv,realData,636.12,7315996,12,real,34735,random_forest_grid_search.pkl
2025-03-26 19:05:10,TestData/realData\EuroStat\naio_10_cp1750.csv,realData,308.23,3815272,12,real,18511,random_forest_grid_search.pkl
2025-03-26 19:05:10,TestData/realData\EuroStat\Populationbyeducationalattainment levelsexageandlevelofdisability.csv,realData,0.04,197,13,real,172,random_forest_grid_search.pkl
2025-03-26 19:05:10,TestData/fakeData\anne_car_data_2.csv,fakeData,0.04,550,12,fake,89,random_forest_grid_search.pkl
2025-03-26 19:05:10,TestData/fakeData\Artificial_Data.csv,fakeData,0.18,1000,15,fake,101,random_forest_grid_search.pkl
2025-03-26 19:05:10,TestData/fakeData\data-LzAcLkrRxo5zBlB1iAJXy.csv,fakeData,0.02,500,5,fake,85,random_forest_grid_search.pkl
2025-03-26 19:05:11,TestData/fakeData\Kaggle_Synthetic_Data.csv,fakeData,0.07,1000,9,fake,89,random_forest_grid_search.pkl
2025-03-26 19:05:11,TestData/fakeData\mackaroocom.csv,fakeData,0.06,1000,6,fake,92,random_forest_grid_search.pkl
2025-03-26 19:05:11,TestData/fakeData\random_dataset.csv,fakeData,0.01,200,8,fake,87,random_forest_grid_search.pkl
2025-03-26 19:05:11,TestData/fakeData\sdv_hotel_data.csv,fakeData,0.26,2000,10,real,128,random_forest_grid_search.pkl
2025-03-26 19:05:11,TestData/fakeData\synthetic_city_data.csv,fakeData,0.07,1000,10,fake,98,random_forest_grid_search.pkl
2025-03-26 19:05:11,TestData/fakeData\synthetic_city_data2.csv,fakeData,0.07,1000,10,fake,91,random_forest_grid_search.pkl
2025-03-26 19:05:11,TestData/fakeData\synthetic_city_data3.csv,fakeData,0.07,1000,10,fake,92,random_forest_grid_search.pkl
2025-03-26 19:05:11,TestData/fakeData\BenfordZipsDatasets\Perfect_Benford_Dataset__10_Columns_.csv,fakeData,0.18,1000,10,fake,95,random_forest_grid_search.pkl
2025-03-26 19:05:11,TestData/fakeData\BenfordZipsDatasets\Perfect_Zipf_Dataset__10_Columns_.csv,fakeData,0.07,1000,10,fake,86,random_forest_grid_search.pkl
2025-03-26 19:05:11,TestData/fakeData\fakeStockData\table_aa.csv,fakeData,0.21,3925,7,fake,110,random_forest_grid_search.pkl
2025-03-26 19:05:12,TestData/fakeData\fakeStockData\table_aapl.csv,fakeData,0.21,3925,7,fake,110,random_forest_grid_search.pkl
2025-03-26 19:05:12,TestData/fakeData\fakeStockData\table_abc.csv,fakeData,0.21,3925,7,fake,106,random_forest_grid_search.pkl
2025-03-26 19:05:12,TestData/fakeData\fakeStockData\table_aig.csv,fakeData,0.20,3925,7,fake,107,random_forest_grid_search.pkl
2025-03-26 19:05:12,TestData/fakeData\fakeStockData\table_amzn.csv,fakeData,0.17,3925,7,fake,108,random_forest_grid_search.pkl
2025-03-26 19:05:12,TestData/fakeData\fakeStockData\table_bwa.csv,fakeData,0.21,3925,7,fake,108,random_forest_grid_search.pkl
2025-03-26 19:05:12,TestData/fakeData\fakeStockData\table_cost.csv,fakeData,0.21,3925,7,fake,108,random_forest_grid_search.pkl
2025-03-26 19:05:12,TestData/fakeData\fakeStockData\table_csco.csv,fakeData,0.21,3925,7,fake,106,random_forest_grid_search.pkl
2025-03-26 19:05:12,TestData/fakeData\fakeStockData\table_d.csv,fakeData,0.21,3925,7,fake,105,random_forest_grid_search.pkl
2025-03-26 19:05:12,TestData/fakeData\fakeStockData\table_ebay.csv,fakeData,0.17,3742,7,fake,103,random_forest_grid_search.pkl
2025-03-26 19:05:13,TestData/fakeData\fakeStockData\table_goog.csv,fakeData,0.10,2259,7,fake,94,random_forest_grid_search.pkl
2025-03-26 19:08:42,TestData/realData\Amazon stock data 2000-2025.csv,realData,0.76,6321,7,real,79,random_forest_s500_n1_d20.pkl
2025-03-26 19:08:42,TestData/realData\AnimalCrossingAccessories.csv,realData,0.05,222,22,real,21,random_forest_s500_n1_d20.pkl
2025-03-26 19:08:42,TestData/realData\bank_transactions_data_2.csv,realData,0.33,2512,16,real,46,random_forest_s500_n1_d20.pkl
2025-03-26 19:08:42,TestData/realData\big4_financial_risk_compliance.csv,realData,0.01,100,12,fake,11,random_forest_s500_n1_d20.pkl
2025-03-26 19:08:42,TestData/realData\Elite Sports Cars in Data.csv,realData,0.79,5000,27,fake,110,random_forest_s500_n1_d20.pkl
2025-03-26 19:08:42,TestData/realData\JPM_1940-01-01_2025-03-04.csv,realData,1.27,11333,7,real,105,random_forest_s500_n1_d20.pkl
2025-03-26 19:08:42,TestData/realData\meets.csv,realData,0.60,8482,8,real,60,random_forest_s500_n1_d20.pkl
2025-03-26 19:08:42,TestData/realData\Mobiles Dataset (2025).csv,realData,0.13,930,15,fake,24,random_forest_s500_n1_d20.pkl
2025-03-26 19:08:42,TestData/realData\titanic.csv,realData,0.06,891,12,real,23,random_forest_s500_n1_d20.pkl
2025-03-26 19:08:42,TestData/realData\AnxietyData\enhanced_anxiety_dataset.csv,realData,0.72,11000,19,real,191,random_forest_s500_n1_d20.pkl
2025-03-26 19:08:42,TestData/realData\AnxietyData\family_anxiety_14_dataset.csv,realData,0.71,11000,19,real,154,random_forest_s500_n1_d20.pkl
2025-03-26 19:08:42,TestData/realData\EuroStat\acf_s_ne.csv,realData,0.06,960,11,real,15,random_forest_s500_n1_d20.pkl
2025-03-26 19:08:42,TestData/realData\EuroStat\acf_s_own.csv,realData,0.52,7200,12,real,41,random_forest_s500_n1_d20.pkl
2025-03-26 19:08:42,TestData/realData\EuroStat\acf_s_ty.csv,realData,0.40,5760,12,real,35,random_forest_s500_n1_d20.pkl
2025-03-26 19:08:42,TestData/realData\EuroStat\aei_ef_ir.csv,realData,0.19,2832,10,real,62,random_forest_s500_n1_d20.pkl
2025-03-26 19:08:43,TestData/realData\EuroStat\aei_ef_ls.csv,realData,0.60,8782,10,real,46,random_forest_s500_n1_d20.pkl
2025-03-26 19:08:43,TestData/realData\EuroStat\aei_ef_lu.csv,realData,0.38,5587,10,real,35,random_forest_s500_n1_d20.pkl
2025-03-26 19:08:43,TestData/realData\EuroStat\aei_fm_ms.csv,realData,2.18,31658,10,fake,122,random_forest_s500_n1_d20.pkl
2025-03-26 19:08:43,TestData/realData\EuroStat\aei_fm_salpest09.csv,realData,3.10,44641,10,real,165,random_forest_s500_n1_d20.pkl
2025-03-26 19:08:43,TestData/realData\EuroStat\aei_fm_usefert.csv,realData,0.32,4982,10,real,32,random_forest_s500_n1_d20.pkl
2025-03-26 19:08:43,TestData/realData\EuroStat\aei_hri.csv,realData,0.05,729,10,real,14,random_forest_s500_n1_d20.pkl
2025-03-26 19:08:43,TestData/realData\EuroStat\aei_pestsal_rsk.csv,realData,0.14,1956,10,real,22,random_forest_s500_n1_d20.pkl
2025-03-26 19:08:43,TestData/realData\EuroStat\aei_pestuse.csv,realData,5.66,81520,11,real,367,random_forest_s500_n1_d20.pkl
2025-03-26 19:08:44,TestData/realData\EuroStat\aei_pr_gnb.csv,realData,4.10,61153,10,real,241,random_forest_s500_n1_d20.pkl
2025-03-26 19:08:45,TestData/realData\EuroStat\aei_pr_soiler.csv,realData,31.44,392400,11,fake,1695,random_forest_s500_n1_d20.pkl
2025-03-26 19:08:45,TestData/realData\EuroStat\aei_ps_inp.csv,realData,2.81,39706,10,fake,166,random_forest_s500_n1_d20.pkl
2025-03-26 19:09:10,TestData/realData\EuroStat\agr_r_accts.csv,realData,366.22,4760591,11,fake,24908,random_forest_s500_n1_d20.pkl
2025-03-26 19:09:23,TestData/realData\EuroStat\agr_r_accts_h.csv,realData,186.66,2320007,11,fake,12886,random_forest_s500_n1_d20.pkl
2025-03-26 19:09:25,TestData/realData\EuroStat\agr_r_animal.csv,realData,32.00,440036,10,fake,1935,random_forest_s500_n1_d20.pkl
2025-03-26 19:09:25,TestData/realData\EuroStat\agr_r_milkpr.csv,realData,0.82,11497,10,fake,60,random_forest_s500_n1_d20.pkl
2025-03-26 19:09:25,TestData/realData\EuroStat\estat_hlth_dh010_filtered_en.csv,realData,0.05,378,13,real,17,random_forest_s500_n1_d20.pkl
2025-03-26 19:09:25,TestData/realData\EuroStat\estat_hlth_silc_18_filtered_en.csv,realData,0.04,360,13,real,17,random_forest_s500_n1_d20.pkl
2025-03-26 19:09:26,TestData/realData\EuroStat\mar_go_aa.csv,realData,6.31,90862,10,fake,376,random_forest_s500_n1_d20.pkl
2025-03-26 19:09:33,TestData/realData\EuroStat\mar_go_am_be.csv,realData,131.83,1620553,13,real,7908,random_forest_s500_n1_d20.pkl
2025-03-26 19:09:35,TestData/realData\EuroStat\mar_go_am_bg.csv,realData,23.70,292595,13,real,1568,random_forest_s500_n1_d20.pkl
2025-03-26 19:09:37,TestData/realData\EuroStat\mar_go_am_cy.csv,realData,24.18,298126,13,real,1447,random_forest_s500_n1_d20.pkl
2025-03-26 19:09:52,TestData/realData\EuroStat\mar_go_am_de.csv,realData,243.04,2987432,13,fake,15044,random_forest_s500_n1_d20.pkl
2025-03-26 19:09:56,TestData/realData\EuroStat\mar_go_am_dk.csv,realData,79.40,962436,13,real,4892,random_forest_s500_n1_d20.pkl
2025-03-26 19:09:58,TestData/realData\EuroStat\mar_go_am_ee.csv,realData,24.01,293860,13,real,1414,random_forest_s500_n1_d20.pkl
2025-03-26 19:10:03,TestData/realData\EuroStat\mar_go_am_el.csv,realData,86.53,1055720,13,fake,5233,random_forest_s500_n1_d20.pkl
2025-03-26 19:10:33,TestData/realData\EuroStat\mar_go_am_es.csv,realData,505.30,6174717,13,fake,29589,random_forest_s500_n1_d20.pkl
2025-03-26 19:10:37,TestData/realData\EuroStat\mar_go_am_fi.csv,realData,78.40,946160,13,real,4534,random_forest_s500_n1_d20.pkl
2025-03-26 19:10:56,TestData/realData\EuroStat\mar_go_am_fr.csv,realData,309.56,3808510,13,fake,18391,random_forest_s500_n1_d20.pkl
2025-03-26 19:10:57,TestData/realData\EuroStat\mar_go_am_hr.csv,realData,16.84,206571,13,real,933,random_forest_s500_n1_d20.pkl
2025-03-26 19:10:58,TestData/realData\EuroStat\mar_go_am_ie.csv,realData,28.75,350611,13,real,1683,random_forest_s500_n1_d20.pkl
2025-03-26 19:11:15,TestData/realData\EuroStat\mar_go_am_it.csv,realData,269.36,3259213,13,fake,16338,random_forest_s500_n1_d20.pkl
2025-03-26 19:11:16,TestData/realData\EuroStat\mar_go_am_lt.csv,realData,20.78,256752,13,real,1218,random_forest_s500_n1_d20.pkl
2025-03-26 19:11:17,TestData/realData\EuroStat\mar_go_am_lv.csv,realData,29.67,363403,13,real,1704,random_forest_s500_n1_d20.pkl
2025-03-26 19:11:18,TestData/realData\EuroStat\mar_go_am_me.csv,realData,1.24,15262,13,real,84,random_forest_s500_n1_d20.pkl
2025-03-26 19:11:19,TestData/realData\EuroStat\mar_go_am_mt.csv,realData,26.05,321251,13,real,1555,random_forest_s500_n1_d20.pkl
2025-03-26 19:11:30,TestData/realData\EuroStat\mar_go_am_nl.csv,realData,186.40,2279184,13,real,11015,random_forest_s500_n1_d20.pkl
2025-03-26 19:11:36,TestData/realData\EuroStat\mar_go_am_no.csv,realData,96.16,1160467,13,real,5767,random_forest_s500_n1_d20.pkl
2025-03-26 19:11:38,TestData/realData\EuroStat\mar_go_am_pl.csv,realData,42.68,521955,13,real,2580,random_forest_s500_n1_d20.pkl
2025-03-26 19:11:44,TestData/realData\EuroStat\mar_go_am_pt.csv,realData,98.42,1205572,13,real,5868,random_forest_s500_n1_d20.pkl
2025-03-26 19:11:46,TestData/realData\EuroStat\mar_go_am_ro.csv,realData,28.94,357521,13,real,1831,random_forest_s500_n1_d20.pkl
2025-03-26 19:11:56,TestData/realData\EuroStat\mar_go_am_se.csv,realData,172.48,2103091,13,fake,10139,random_forest_s500_n1_d20.pkl
2025-03-26 19:11:57,TestData/realData\EuroStat\mar_go_am_si.csv,realData,16.57,204799,13,real,940,random_forest_s500_n1_d20.pkl
2025-03-26 19:11:58,TestData/realData\EuroStat\naida_10_a10.csv,realData,8.44,113460,11,real,555,random_forest_s500_n1_d20.pkl
2025-03-26 19:11:59,TestData/realData\EuroStat\naida_10_gdp.csv,realData,21.71,300774,10,real,1275,random_forest_s500_n1_d20.pkl
2025-03-26 19:11:59,TestData/realData\EuroStat\naida_10_pe.csv,realData,1.32,17966,10,real,85,random_forest_s500_n1_d20.pkl
2025-03-26 19:12:01,TestData/realData\EuroStat\naidq_10_a10.csv,realData,31.92,394071,12,real,1419,random_forest_s500_n1_d20.pkl
2025-03-26 19:12:04,TestData/realData\EuroStat\naidq_10_gdp.csv,realData,74.60,944097,11,real,3205,random_forest_s500_n1_d20.pkl
2025-03-26 19:12:04,TestData/realData\EuroStat\naidq_10_pe.csv,realData,5.27,65629,11,real,279,random_forest_s500_n1_d20.pkl
2025-03-26 19:12:33,TestData/realData\EuroStat\naidsa_10_f_bs.csv,realData,511.26,6157235,13,real,28550,random_forest_s500_n1_d20.pkl
2025-03-26 19:13:03,TestData/realData\EuroStat\naidsa_10_f_tr.csv,realData,507.99,6146981,13,real,30420,random_forest_s500_n1_d20.pkl
2025-03-26 19:13:13,TestData/realData\EuroStat\naidsa_10_nf_tr.csv,realData,152.34,1881166,12,real,9494,random_forest_s500_n1_d20.pkl
2025-03-26 19:13:48,TestData/realData\EuroStat\naidsq_10_f_bs.csv,realData,792.33,8862146,13,real,35407,random_forest_s500_n1_d20.pkl
2025-03-26 19:14:20,TestData/realData\EuroStat\naidsq_10_f_tr.csv,realData,725.46,8185043,13,real,32279,random_forest_s500_n1_d20.pkl
2025-03-26 19:14:33,TestData/realData\EuroStat\naidsq_10_nf_tr.csv,realData,273.82,3125921,13,real,12574,random_forest_s500_n1_d20.pkl
2025-03-26 19:14:55,TestData/realData\EuroStat\naio_10_cp15.csv,realData,397.00,4870698,12,real,22310,random_forest_s500_n1_d20.pkl
2025-03-26 19:15:19,TestData/realData\EuroStat\naio_10_cp16.csv,realData,434.93,5321103,12,real,23399,random_forest_s500_n1_d20.pkl
2025-03-26 19:16:11,TestData/realData\EuroStat\naio_10_cp1610.csv,realData,942.00,11307461,12,real,52431,random_forest_s500_n1_d20.pkl
2025-03-26 19:16:23,TestData/realData\EuroStat\naio_10_cp1620.csv,realData,236.85,2862324,12,real,12233,random_forest_s500_n1_d20.pkl
2025-03-26 19:16:36,TestData/realData\EuroStat\naio_10_cp1630.csv,realData,240.57,2901991,12,real,12882,random_forest_s500_n1_d20.pkl
2025-03-26 19:17:10,TestData/realData\EuroStat\naio_10_cp1700.csv,realData,636.12,7315996,12,real,34119,random_forest_s500_n1_d20.pkl
2025-03-26 19:17:28,TestData/realData\EuroStat\naio_10_cp1750.csv,realData,308.23,3815272,12,real,17698,random_forest_s500_n1_d20.pkl
2025-03-26 19:17:28,TestData/realData\EuroStat\Populationbyeducationalattainment levelsexageandlevelofdisability.csv,realData,0.04,197,13,real,92,random_forest_s500_n1_d20.pkl
2025-03-26 19:17:28,TestData/fakeData\anne_car_data_2.csv,fakeData,0.04,550,12,fake,19,random_forest_s500_n1_d20.pkl
2025-03-26 19:17:28,TestData/fakeData\Artificial_Data.csv,fakeData,0.18,1000,15,fake,24,random_forest_s500_n1_d20.pkl
2025-03-26 19:17:28,TestData/fakeData\data-LzAcLkrRxo5zBlB1iAJXy.csv,fakeData,0.02,500,5,real,14,random_forest_s500_n1_d20.pkl
2025-03-26 19:17:28,TestData/fakeData\Kaggle_Synthetic_Data.csv,fakeData,0.07,1000,9,fake,19,random_forest_s500_n1_d20.pkl
2025-03-26 19:17:28,TestData/fakeData\mackaroocom.csv,fakeData,0.06,1000,6,real,19,random_forest_s500_n1_d20.pkl
2025-03-26 19:17:28,TestData/fakeData\random_dataset.csv,fakeData,0.01,200,8,real,15,random_forest_s500_n1_d20.pkl
2025-03-26 19:17:28,TestData/fakeData\sdv_hotel_data.csv,fakeData,0.26,2000,10,real,36,random_forest_s500_n1_d20.pkl
2025-03-26 19:17:28,TestData/fakeData\synthetic_city_data.csv,fakeData,0.07,1000,10,real,24,random_forest_s500_n1_d20.pkl
2025-03-26 19:17:28,TestData/fakeData\synthetic_city_data2.csv,fakeData,0.07,1000,10,fake,25,random_forest_s500_n1_d20.pkl
2025-03-26 19:17:28,TestData/fakeData\synthetic_city_data3.csv,fakeData,0.07,1000,10,fake,30,random_forest_s500_n1_d20.pkl
2025-03-26 19:17:28,TestData/fakeData\BenfordZipsDatasets\Perfect_Benford_Dataset__10_Columns_.csv,fakeData,0.18,1000,10,fake,23,random_forest_s500_n1_d20.pkl
2025-03-26 19:17:28,TestData/fakeData\BenfordZipsDatasets\Perfect_Zipf_Dataset__10_Columns_.csv,fakeData,0.07,1000,10,fake,14,random_forest_s500_n1_d20.pkl
2025-03-26 19:17:28,TestData/fakeData\fakeStockData\table_aa.csv,fakeData,0.21,3925,7,fake,40,random_forest_s500_n1_d20.pkl
2025-03-26 19:17:28,TestData/fakeData\fakeStockData\table_aapl.csv,fakeData,0.21,3925,7,fake,38,random_forest_s500_n1_d20.pkl
2025-03-26 19:17:28,TestData/fakeData\fakeStockData\table_abc.csv,fakeData,0.21,3925,7,fake,36,random_forest_s500_n1_d20.pkl
2025-03-26 19:17:28,TestData/fakeData\fakeStockData\table_aig.csv,fakeData,0.20,3925,7,fake,36,random_forest_s500_n1_d20.pkl
2025-03-26 19:17:28,TestData/fakeData\fakeStockData\table_amzn.csv,fakeData,0.17,3925,7,fake,36,random_forest_s500_n1_d20.pkl
2025-03-26 19:17:29,TestData/fakeData\fakeStockData\table_bwa.csv,fakeData,0.21,3925,7,fake,38,random_forest_s500_n1_d20.pkl
2025-03-26 19:17:29,TestData/fakeData\fakeStockData\table_cost.csv,fakeData,0.21,3925,7,fake,34,random_forest_s500_n1_d20.pkl
2025-03-26 19:17:29,TestData/fakeData\fakeStockData\table_csco.csv,fakeData,0.21,3925,7,real,35,random_forest_s500_n1_d20.pkl
2025-03-26 19:17:29,TestData/fakeData\fakeStockData\table_d.csv,fakeData,0.21,3925,7,fake,35,random_forest_s500_n1_d20.pkl
2025-03-26 19:17:29,TestData/fakeData\fakeStockData\table_ebay.csv,fakeData,0.17,3742,7,fake,33,random_forest_s500_n1_d20.pkl
2025-03-26 19:17:29,TestData/fakeData\fakeStockData\table_goog.csv,fakeData,0.10,2259,7,fake,23,random_forest_s500_n1_d20.pkl
2025-03-26 19:23:50,TestData/realData\Amazon stock data 2000-2025.csv,realData,0.76,6321,7,fake,119,random_forest_s500_n100_d10.pkl
2025-03-26 19:23:50,TestData/realData\AnimalCrossingAccessories.csv,realData,0.05,222,22,real,35,random_forest_s500_n100_d10.pkl
2025-03-26 19:23:50,TestData/realData\bank_transactions_data_2.csv,realData,0.33,2512,16,real,65,random_forest_s500_n100_d10.pkl
2025-03-26 19:23:50,TestData/realData\big4_financial_risk_compliance.csv,realData,0.01,100,12,real,27,random_forest_s500_n100_d10.pkl
2025-03-26 19:23:51,TestData/realData\Elite Sports Cars in Data.csv,realData,0.79,5000,27,real,125,random_forest_s500_n100_d10.pkl
2025-03-26 19:23:51,TestData/realData\JPM_1940-01-01_2025-03-04.csv,realData,1.27,11333,7,fake,115,random_forest_s500_n100_d10.pkl
2025-03-26 19:23:51,TestData/realData\meets.csv,realData,0.60,8482,8,fake,73,random_forest_s500_n100_d10.pkl
2025-03-26 19:23:51,TestData/realData\Mobiles Dataset (2025).csv,realData,0.13,930,15,real,42,random_forest_s500_n100_d10.pkl
2025-03-26 19:23:51,TestData/realData\titanic.csv,realData,0.06,891,12,real,36,random_forest_s500_n100_d10.pkl
2025-03-26 19:23:51,TestData/realData\AnxietyData\enhanced_anxiety_dataset.csv,realData,0.72,11000,19,real,206,random_forest_s500_n100_d10.pkl
2025-03-26 19:23:51,TestData/realData\AnxietyData\family_anxiety_14_dataset.csv,realData,0.71,11000,19,real,169,random_forest_s500_n100_d10.pkl
2025-03-26 19:23:51,TestData/realData\EuroStat\acf_s_ne.csv,realData,0.06,960,11,real,31,random_forest_s500_n100_d10.pkl
2025-03-26 19:23:51,TestData/realData\EuroStat\acf_s_own.csv,realData,0.52,7200,12,real,54,random_forest_s500_n100_d10.pkl
2025-03-26 19:23:51,TestData/realData\EuroStat\acf_s_ty.csv,realData,0.40,5760,12,real,84,random_forest_s500_n100_d10.pkl
2025-03-26 19:23:51,TestData/realData\EuroStat\aei_ef_ir.csv,realData,0.19,2832,10,real,40,random_forest_s500_n100_d10.pkl
2025-03-26 19:23:51,TestData/realData\EuroStat\aei_ef_ls.csv,realData,0.60,8782,10,real,60,random_forest_s500_n100_d10.pkl
2025-03-26 19:23:52,TestData/realData\EuroStat\aei_ef_lu.csv,realData,0.38,5587,10,real,50,random_forest_s500_n100_d10.pkl
2025-03-26 19:23:52,TestData/realData\EuroStat\aei_fm_ms.csv,realData,2.18,31658,10,real,138,random_forest_s500_n100_d10.pkl
2025-03-26 19:23:52,TestData/realData\EuroStat\aei_fm_salpest09.csv,realData,3.10,44641,10,real,192,random_forest_s500_n100_d10.pkl
2025-03-26 19:23:52,TestData/realData\EuroStat\aei_fm_usefert.csv,realData,0.32,4982,10,real,59,random_forest_s500_n100_d10.pkl
2025-03-26 19:23:52,TestData/realData\EuroStat\aei_hri.csv,realData,0.05,729,10,real,33,random_forest_s500_n100_d10.pkl
2025-03-26 19:23:52,TestData/realData\EuroStat\aei_pestsal_rsk.csv,realData,0.14,1956,10,real,35,random_forest_s500_n100_d10.pkl
2025-03-26 19:23:52,TestData/realData\EuroStat\aei_pestuse.csv,realData,5.66,81520,11,real,387,random_forest_s500_n100_d10.pkl
2025-03-26 19:23:53,TestData/realData\EuroStat\aei_pr_gnb.csv,realData,4.10,61153,10,real,256,random_forest_s500_n100_d10.pkl
2025-03-26 19:23:54,TestData/realData\EuroStat\aei_pr_soiler.csv,realData,31.44,392400,11,real,1694,random_forest_s500_n100_d10.pkl
2025-03-26 19:23:54,TestData/realData\EuroStat\aei_ps_inp.csv,realData,2.81,39706,10,real,174,random_forest_s500_n100_d10.pkl
2025-03-26 19:24:20,TestData/realData\EuroStat\agr_r_accts.csv,realData,366.22,4760591,11,real,25016,random_forest_s500_n100_d10.pkl
2025-03-26 19:24:32,TestData/realData\EuroStat\agr_r_accts_h.csv,realData,186.66,2320007,11,real,12530,random_forest_s500_n100_d10.pkl
2025-03-26 19:24:34,TestData/realData\EuroStat\agr_r_animal.csv,realData,32.00,440036,10,real,1719,random_forest_s500_n100_d10.pkl
2025-03-26 19:24:34,TestData/realData\EuroStat\agr_r_milkpr.csv,realData,0.82,11497,10,real,74,random_forest_s500_n100_d10.pkl
2025-03-26 19:24:34,TestData/realData\EuroStat\estat_hlth_dh010_filtered_en.csv,realData,0.05,378,13,real,31,random_forest_s500_n100_d10.pkl
2025-03-26 19:24:34,TestData/realData\EuroStat\estat_hlth_silc_18_filtered_en.csv,realData,0.04,360,13,real,30,random_forest_s500_n100_d10.pkl
2025-03-26 19:24:34,TestData/realData\EuroStat\mar_go_aa.csv,realData,6.31,90862,10,real,341,random_forest_s500_n100_d10.pkl
2025-03-26 19:24:42,TestData/realData\EuroStat\mar_go_am_be.csv,realData,131.83,1620553,13,real,7482,random_forest_s500_n100_d10.pkl
2025-03-26 19:24:43,TestData/realData\EuroStat\mar_go_am_bg.csv,realData,23.70,292595,13,real,1434,random_forest_s500_n100_d10.pkl
2025-03-26 19:24:45,TestData/realData\EuroStat\mar_go_am_cy.csv,realData,24.18,298126,13,real,1424,random_forest_s500_n100_d10.pkl
2025-03-26 19:24:59,TestData/realData\EuroStat\mar_go_am_de.csv,realData,243.04,2987432,13,real,14098,random_forest_s500_n100_d10.pkl
2025-03-26 19:25:03,TestData/realData\EuroStat\mar_go_am_dk.csv,realData,79.40,962436,13,real,4393,random_forest_s500_n100_d10.pkl
2025-03-26 19:25:04,TestData/realData\EuroStat\mar_go_am_ee.csv,realData,24.01,293860,13,real,1419,random_forest_s500_n100_d10.pkl
2025-03-26 19:25:10,TestData/realData\EuroStat\mar_go_am_el.csv,realData,86.53,1055720,13,real,5070,random_forest_s500_n100_d10.pkl
2025-03-26 19:25:38,TestData/realData\EuroStat\mar_go_am_es.csv,realData,505.30,6174717,13,real,28933,random_forest_s500_n100_d10.pkl
2025-03-26 19:25:43,TestData/realData\EuroStat\mar_go_am_fi.csv,realData,78.40,946160,13,real,4210,random_forest_s500_n100_d10.pkl
2025-03-26 19:26:01,TestData/realData\EuroStat\mar_go_am_fr.csv,realData,309.56,3808510,13,real,17857,random_forest_s500_n100_d10.pkl
2025-03-26 19:26:02,TestData/realData\EuroStat\mar_go_am_hr.csv,realData,16.84,206571,13,real,958,random_forest_s500_n100_d10.pkl
2025-03-26 19:26:03,TestData/realData\EuroStat\mar_go_am_ie.csv,realData,28.75,350611,13,real,1497,random_forest_s500_n100_d10.pkl
2025-03-26 19:26:18,TestData/realData\EuroStat\mar_go_am_it.csv,realData,269.36,3259213,13,real,15193,random_forest_s500_n100_d10.pkl
2025-03-26 19:26:20,TestData/realData\EuroStat\mar_go_am_lt.csv,realData,20.78,256752,13,real,1348,random_forest_s500_n100_d10.pkl
2025-03-26 19:26:21,TestData/realData\EuroStat\mar_go_am_lv.csv,realData,29.67,363403,13,real,1666,random_forest_s500_n100_d10.pkl
2025-03-26 19:26:21,TestData/realData\EuroStat\mar_go_am_me.csv,realData,1.24,15262,13,real,106,random_forest_s500_n100_d10.pkl
2025-03-26 19:26:23,TestData/realData\EuroStat\mar_go_am_mt.csv,realData,26.05,321251,13,real,1511,random_forest_s500_n100_d10.pkl
2025-03-26 19:26:34,TestData/realData\EuroStat\mar_go_am_nl.csv,realData,186.40,2279184,13,real,10777,random_forest_s500_n100_d10.pkl
2025-03-26 19:26:39,TestData/realData\EuroStat\mar_go_am_no.csv,realData,96.16,1160467,13,real,5424,random_forest_s500_n100_d10.pkl
2025-03-26 19:26:42,TestData/realData\EuroStat\mar_go_am_pl.csv,realData,42.68,521955,13,real,2481,random_forest_s500_n100_d10.pkl
2025-03-26 19:26:47,TestData/realData\EuroStat\mar_go_am_pt.csv,realData,98.42,1205572,13,real,5674,random_forest_s500_n100_d10.pkl
2025-03-26 19:26:49,TestData/realData\EuroStat\mar_go_am_ro.csv,realData,28.94,357521,13,real,1663,random_forest_s500_n100_d10.pkl
2025-03-26 19:26:59,TestData/realData\EuroStat\mar_go_am_se.csv,realData,172.48,2103091,13,real,9863,random_forest_s500_n100_d10.pkl
2025-03-26 19:27:00,TestData/realData\EuroStat\mar_go_am_si.csv,realData,16.57,204799,13,real,916,random_forest_s500_n100_d10.pkl
2025-03-26 19:27:00,TestData/realData\EuroStat\naida_10_a10.csv,realData,8.44,113460,11,real,568,random_forest_s500_n100_d10.pkl
2025-03-26 19:27:01,TestData/realData\EuroStat\naida_10_gdp.csv,realData,21.71,300774,10,real,1266,random_forest_s500_n100_d10.pkl
2025-03-26 19:27:02,TestData/realData\EuroStat\naida_10_pe.csv,realData,1.32,17966,10,real,105,random_forest_s500_n100_d10.pkl
2025-03-26 19:27:03,TestData/realData\EuroStat\naidq_10_a10.csv,realData,31.92,394071,12,real,1473,random_forest_s500_n100_d10.pkl
2025-03-26 19:27:06,TestData/realData\EuroStat\naidq_10_gdp.csv,realData,74.60,944097,11,real,3175,random_forest_s500_n100_d10.pkl
2025-03-26 19:27:06,TestData/realData\EuroStat\naidq_10_pe.csv,realData,5.27,65629,11,real,247,random_forest_s500_n100_d10.pkl
2025-03-26 19:27:35,TestData/realData\EuroStat\naidsa_10_f_bs.csv,realData,511.26,6157235,13,real,28068,random_forest_s500_n100_d10.pkl
2025-03-26 19:28:04,TestData/realData\EuroStat\naidsa_10_f_tr.csv,realData,507.99,6146981,13,real,29301,random_forest_s500_n100_d10.pkl
2025-03-26 19:28:13,TestData/realData\EuroStat\naidsa_10_nf_tr.csv,realData,152.34,1881166,12,real,9375,random_forest_s500_n100_d10.pkl
2025-03-26 19:28:47,TestData/realData\EuroStat\naidsq_10_f_bs.csv,realData,792.33,8862146,13,real,33863,random_forest_s500_n100_d10.pkl
2025-03-26 19:29:19,TestData/realData\EuroStat\naidsq_10_f_tr.csv,realData,725.46,8185043,13,real,31917,random_forest_s500_n100_d10.pkl
2025-03-26 19:29:31,TestData/realData\EuroStat\naidsq_10_nf_tr.csv,realData,273.82,3125921,13,real,11786,random_forest_s500_n100_d10.pkl
2025-03-26 19:29:53,TestData/realData\EuroStat\naio_10_cp15.csv,realData,397.00,4870698,12,real,21799,random_forest_s500_n100_d10.pkl
2025-03-26 19:30:16,TestData/realData\EuroStat\naio_10_cp16.csv,realData,434.93,5321103,12,real,23538,random_forest_s500_n100_d10.pkl
2025-03-26 19:31:09,TestData/realData\EuroStat\naio_10_cp1610.csv,realData,942.00,11307461,12,real,52558,random_forest_s500_n100_d10.pkl
2025-03-26 19:31:21,TestData/realData\EuroStat\naio_10_cp1620.csv,realData,236.85,2862324,12,real,12456,random_forest_s500_n100_d10.pkl
2025-03-26 19:31:35,TestData/realData\EuroStat\naio_10_cp1630.csv,realData,240.57,2901991,12,real,13457,random_forest_s500_n100_d10.pkl
2025-03-26 19:32:09,TestData/realData\EuroStat\naio_10_cp1700.csv,realData,636.12,7315996,12,real,34146,random_forest_s500_n100_d10.pkl
2025-03-26 19:32:26,TestData/realData\EuroStat\naio_10_cp1750.csv,realData,308.23,3815272,12,real,17408,random_forest_s500_n100_d10.pkl
2025-03-26 19:32:26,TestData/realData\EuroStat\Populationbyeducationalattainment levelsexageandlevelofdisability.csv,realData,0.04,197,13,real,106,random_forest_s500_n100_d10.pkl
2025-03-26 19:32:26,TestData/fakeData\anne_car_data_2.csv,fakeData,0.04,550,12,fake,32,random_forest_s500_n100_d10.pkl
2025-03-26 19:32:26,TestData/fakeData\Artificial_Data.csv,fakeData,0.18,1000,15,fake,38,random_forest_s500_n100_d10.pkl
2025-03-26 19:32:26,TestData/fakeData\data-LzAcLkrRxo5zBlB1iAJXy.csv,fakeData,0.02,500,5,fake,29,random_forest_s500_n100_d10.pkl
2025-03-26 19:32:26,TestData/fakeData\Kaggle_Synthetic_Data.csv,fakeData,0.07,1000,9,fake,33,random_forest_s500_n100_d10.pkl
2025-03-26 19:32:26,TestData/fakeData\mackaroocom.csv,fakeData,0.06,1000,6,fake,32,random_forest_s500_n100_d10.pkl
2025-03-26 19:32:26,TestData/fakeData\random_dataset.csv,fakeData,0.01,200,8,fake,26,random_forest_s500_n100_d10.pkl
2025-03-26 19:32:27,TestData/fakeData\sdv_hotel_data.csv,fakeData,0.26,2000,10,real,48,random_forest_s500_n100_d10.pkl
2025-03-26 19:32:27,TestData/fakeData\synthetic_city_data.csv,fakeData,0.07,1000,10,fake,35,random_forest_s500_n100_d10.pkl
2025-03-26 19:32:27,TestData/fakeData\synthetic_city_data2.csv,fakeData,0.07,1000,10,fake,33,random_forest_s500_n100_d10.pkl
2025-03-26 19:32:27,TestData/fakeData\synthetic_city_data3.csv,fakeData,0.07,1000,10,fake,32,random_forest_s500_n100_d10.pkl
2025-03-26 19:32:27,TestData/fakeData\BenfordZipsDatasets\Perfect_Benford_Dataset__10_Columns_.csv,fakeData,0.18,1000,10,fake,34,random_forest_s500_n100_d10.pkl
2025-03-26 19:32:27,TestData/fakeData\BenfordZipsDatasets\Perfect_Zipf_Dataset__10_Columns_.csv,fakeData,0.07,1000,10,fake,27,random_forest_s500_n100_d10.pkl
2025-03-26 19:32:27,TestData/fakeData\fakeStockData\table_aa.csv,fakeData,0.21,3925,7,fake,51,random_forest_s500_n100_d10.pkl
2025-03-26 19:32:27,TestData/fakeData\fakeStockData\table_aapl.csv,fakeData,0.21,3925,7,fake,51,random_forest_s500_n100_d10.pkl
2025-03-26 19:32:27,TestData/fakeData\fakeStockData\table_abc.csv,fakeData,0.21,3925,7,fake,49,random_forest_s500_n100_d10.pkl
2025-03-26 19:32:27,TestData/fakeData\fakeStockData\table_aig.csv,fakeData,0.20,3925,7,fake,49,random_forest_s500_n100_d10.pkl
2025-03-26 19:32:27,TestData/fakeData\fakeStockData\table_amzn.csv,fakeData,0.17,3925,7,fake,48,random_forest_s500_n100_d10.pkl
2025-03-26 19:32:27,TestData/fakeData\fakeStockData\table_bwa.csv,fakeData,0.21,3925,7,fake,50,random_forest_s500_n100_d10.pkl
2025-03-26 19:32:27,TestData/fakeData\fakeStockData\table_cost.csv,fakeData,0.21,3925,7,fake,53,random_forest_s500_n100_d10.pkl
2025-03-26 19:32:27,TestData/fakeData\fakeStockData\table_csco.csv,fakeData,0.21,3925,7,fake,53,random_forest_s500_n100_d10.pkl
2025-03-26 19:32:27,TestData/fakeData\fakeStockData\table_d.csv,fakeData,0.21,3925,7,fake,50,random_forest_s500_n100_d10.pkl
2025-03-26 19:32:27,TestData/fakeData\fakeStockData\table_ebay.csv,fakeData,0.17,3742,7,fake,52,random_forest_s500_n100_d10.pkl
2025-03-26 19:32:27,TestData/fakeData\fakeStockData\table_goog.csv,fakeData,0.10,2259,7,fake,38,random_forest_s500_n100_d10.pkl
2025-03-26 20:32:24,TestData/realData\Amazon stock data 2000-2025.csv,realData,0.76,6321,7,fake,3959,random_forest_grid_search.pkl
2025-03-26 20:32:24,TestData/realData\AnimalCrossingAccessories.csv,realData,0.05,222,22,real,339,random_forest_grid_search.pkl
2025-03-26 20:32:24,TestData/realData\bank_transactions_data_2.csv,realData,0.33,2512,16,real,306,random_forest_grid_search.pkl
2025-03-26 20:32:25,TestData/realData\big4_financial_risk_compliance.csv,realData,0.01,100,12,real,121,random_forest_grid_search.pkl
2025-03-26 20:32:25,TestData/realData\Elite Sports Cars in Data.csv,realData,0.79,5000,27,real,332,random_forest_grid_search.pkl
2025-03-26 20:32:28,TestData/realData\JPM_1940-01-01_2025-03-04.csv,realData,1.27,11333,7,fake,3280,random_forest_grid_search.pkl
2025-03-26 20:32:29,TestData/realData\meets.csv,realData,0.60,8482,8,fake,338,random_forest_grid_search.pkl
2025-03-26 20:32:29,TestData/realData\Mobiles Dataset (2025).csv,realData,0.13,930,15,real,137,random_forest_grid_search.pkl
2025-03-26 20:32:29,TestData/realData\titanic.csv,realData,0.06,891,12,real,151,random_forest_grid_search.pkl
2025-03-26 20:32:29,TestData/realData\AnxietyData\enhanced_anxiety_dataset.csv,realData,0.72,11000,19,real,388,random_forest_grid_search.pkl
2025-03-26 20:32:30,TestData/realData\AnxietyData\family_anxiety_14_dataset.csv,realData,0.71,11000,19,real,438,random_forest_grid_search.pkl
2025-03-26 20:32:30,TestData/realData\EuroStat\acf_s_ne.csv,realData,0.06,960,11,real,237,random_forest_grid_search.pkl
2025-03-26 20:32:30,TestData/realData\EuroStat\acf_s_own.csv,realData,0.52,7200,12,real,200,random_forest_grid_search.pkl
2025-03-26 20:32:30,TestData/realData\EuroStat\acf_s_ty.csv,realData,0.40,5760,12,real,159,random_forest_grid_search.pkl
2025-03-26 20:32:30,TestData/realData\EuroStat\aei_ef_ir.csv,realData,0.19,2832,10,real,191,random_forest_grid_search.pkl
2025-03-26 20:32:31,TestData/realData\EuroStat\aei_ef_ls.csv,realData,0.60,8782,10,real,220,random_forest_grid_search.pkl
2025-03-26 20:32:31,TestData/realData\EuroStat\aei_ef_lu.csv,realData,0.38,5587,10,real,173,random_forest_grid_search.pkl
2025-03-26 20:32:31,TestData/realData\EuroStat\aei_fm_ms.csv,realData,2.18,31658,10,real,401,random_forest_grid_search.pkl
2025-03-26 20:32:32,TestData/realData\EuroStat\aei_fm_salpest09.csv,realData,3.10,44641,10,real,596,random_forest_grid_search.pkl
2025-03-26 20:32:32,TestData/realData\EuroStat\aei_fm_usefert.csv,realData,0.32,4982,10,real,218,random_forest_grid_search.pkl
2025-03-26 20:32:32,TestData/realData\EuroStat\aei_hri.csv,realData,0.05,729,10,real,147,random_forest_grid_search.pkl
2025-03-26 20:32:32,TestData/realData\EuroStat\aei_pestsal_rsk.csv,realData,0.14,1956,10,real,161,random_forest_grid_search.pkl
2025-03-26 20:32:33,TestData/realData\EuroStat\aei_pestuse.csv,realData,5.66,81520,11,real,1101,random_forest_grid_search.pkl
2025-03-26 20:32:34,TestData/realData\EuroStat\aei_pr_gnb.csv,realData,4.10,61153,10,real,762,random_forest_grid_search.pkl
2025-03-26 20:32:38,TestData/realData\EuroStat\aei_pr_soiler.csv,realData,31.44,392400,11,real,3680,random_forest_grid_search.pkl
2025-03-26 20:32:38,TestData/realData\EuroStat\aei_ps_inp.csv,realData,2.81,39706,10,real,356,random_forest_grid_search.pkl
2025-03-26 20:33:06,TestData/realData\EuroStat\agr_r_accts.csv,realData,366.22,4760591,11,real,27443,random_forest_grid_search.pkl
2025-03-26 20:33:19,TestData/realData\EuroStat\agr_r_accts_h.csv,realData,186.66,2320007,11,real,13554,random_forest_grid_search.pkl
2025-03-26 20:33:22,TestData/realData\EuroStat\agr_r_animal.csv,realData,32.00,440036,10,real,2821,random_forest_grid_search.pkl
2025-03-26 20:33:22,TestData/realData\EuroStat\agr_r_milkpr.csv,realData,0.82,11497,10,real,245,random_forest_grid_search.pkl
2025-03-26 20:33:22,TestData/realData\EuroStat\estat_hlth_dh010_filtered_en.csv,realData,0.05,378,13,real,156,random_forest_grid_search.pkl
2025-03-26 20:33:23,TestData/realData\EuroStat\estat_hlth_silc_18_filtered_en.csv,realData,0.04,360,13,real,175,random_forest_grid_search.pkl
2025-03-26 20:33:23,TestData/realData\EuroStat\mar_go_aa.csv,realData,6.31,90862,10,real,722,random_forest_grid_search.pkl
2025-03-26 20:33:33,TestData/realData\EuroStat\mar_go_am_be.csv,realData,131.83,1620553,13,real,9137,random_forest_grid_search.pkl
2025-03-26 20:33:34,TestData/realData\EuroStat\mar_go_am_bg.csv,realData,23.70,292595,13,real,1552,random_forest_grid_search.pkl
2025-03-26 20:33:36,TestData/realData\EuroStat\mar_go_am_cy.csv,realData,24.18,298126,13,real,1615,random_forest_grid_search.pkl
2025-03-26 20:33:50,TestData/realData\EuroStat\mar_go_am_de.csv,realData,243.04,2987432,13,real,14464,random_forest_grid_search.pkl
2025-03-26 20:33:55,TestData/realData\EuroStat\mar_go_am_dk.csv,realData,79.40,962436,13,real,4968,random_forest_grid_search.pkl
2025-03-26 20:33:57,TestData/realData\EuroStat\mar_go_am_ee.csv,realData,24.01,293860,13,real,1487,random_forest_grid_search.pkl
2025-03-26 20:34:02,TestData/realData\EuroStat\mar_go_am_el.csv,realData,86.53,1055720,13,real,5842,random_forest_grid_search.pkl
2025-03-26 20:34:34,TestData/realData\EuroStat\mar_go_am_es.csv,realData,505.30,6174717,13,real,31895,random_forest_grid_search.pkl
2025-03-26 20:34:39,TestData/realData\EuroStat\mar_go_am_fi.csv,realData,78.40,946160,13,real,5056,random_forest_grid_search.pkl
2025-03-26 20:34:58,TestData/realData\EuroStat\mar_go_am_fr.csv,realData,309.56,3808510,13,real,18815,random_forest_grid_search.pkl
2025-03-26 20:34:59,TestData/realData\EuroStat\mar_go_am_hr.csv,realData,16.84,206571,13,real,1198,random_forest_grid_search.pkl
2025-03-26 20:35:01,TestData/realData\EuroStat\mar_go_am_ie.csv,realData,28.75,350611,13,real,1704,random_forest_grid_search.pkl
2025-03-26 20:35:17,TestData/realData\EuroStat\mar_go_am_it.csv,realData,269.36,3259213,13,real,16101,random_forest_grid_search.pkl
2025-03-26 20:35:19,TestData/realData\EuroStat\mar_go_am_lt.csv,realData,20.78,256752,13,real,1314,random_forest_grid_search.pkl
2025-03-26 20:35:20,TestData/realData\EuroStat\mar_go_am_lv.csv,realData,29.67,363403,13,real,1928,random_forest_grid_search.pkl
2025-03-26 20:35:21,TestData/realData\EuroStat\mar_go_am_me.csv,realData,1.24,15262,13,real,168,random_forest_grid_search.pkl
2025-03-26 20:35:22,TestData/realData\EuroStat\mar_go_am_mt.csv,realData,26.05,321251,13,real,1675,random_forest_grid_search.pkl
2025-03-26 20:35:34,TestData/realData\EuroStat\mar_go_am_nl.csv,realData,186.40,2279184,13,real,12040,random_forest_grid_search.pkl
2025-03-26 20:35:40,TestData/realData\EuroStat\mar_go_am_no.csv,realData,96.16,1160467,13,real,5898,random_forest_grid_search.pkl
2025-03-26 20:35:43,TestData/realData\EuroStat\mar_go_am_pl.csv,realData,42.68,521955,13,real,2729,random_forest_grid_search.pkl
2025-03-26 20:35:49,TestData/realData\EuroStat\mar_go_am_pt.csv,realData,98.42,1205572,13,real,6280,random_forest_grid_search.pkl
2025-03-26 20:35:51,TestData/realData\EuroStat\mar_go_am_ro.csv,realData,28.94,357521,13,real,2054,random_forest_grid_search.pkl
2025-03-26 20:36:02,TestData/realData\EuroStat\mar_go_am_se.csv,realData,172.48,2103091,13,real,10898,random_forest_grid_search.pkl
2025-03-26 20:36:03,TestData/realData\EuroStat\mar_go_am_si.csv,realData,16.57,204799,13,real,1102,random_forest_grid_search.pkl
2025-03-26 20:36:04,TestData/realData\EuroStat\naida_10_a10.csv,realData,8.44,113460,11,real,579,random_forest_grid_search.pkl
2025-03-26 20:36:05,TestData/realData\EuroStat\naida_10_gdp.csv,realData,21.71,300774,10,real,1441,random_forest_grid_search.pkl
2025-03-26 20:36:06,TestData/realData\EuroStat\naida_10_pe.csv,realData,1.32,17966,10,real,180,random_forest_grid_search.pkl
2025-03-26 20:36:07,TestData/realData\EuroStat\naidq_10_a10.csv,realData,31.92,394071,12,real,1599,random_forest_grid_search.pkl
2025-03-26 20:36:11,TestData/realData\EuroStat\naidq_10_gdp.csv,realData,74.60,944097,11,real,3799,random_forest_grid_search.pkl
2025-03-26 20:36:11,TestData/realData\EuroStat\naidq_10_pe.csv,realData,5.27,65629,11,real,432,random_forest_grid_search.pkl
2025-03-26 20:36:42,TestData/realData\EuroStat\naidsa_10_f_bs.csv,realData,511.26,6157235,13,real,30918,random_forest_grid_search.pkl
2025-03-26 20:37:11,TestData/realData\EuroStat\naidsa_10_f_tr.csv,realData,507.99,6146981,13,real,29156,random_forest_grid_search.pkl
2025-03-26 20:37:21,TestData/realData\EuroStat\naidsa_10_nf_tr.csv,realData,152.34,1881166,12,real,9387,random_forest_grid_search.pkl
2025-03-26 20:37:57,TestData/realData\EuroStat\naidsq_10_f_bs.csv,realData,792.33,8862146,13,real,36447,random_forest_grid_search.pkl
2025-03-26 20:38:32,TestData/realData\EuroStat\naidsq_10_f_tr.csv,realData,725.46,8185043,13,real,34764,random_forest_grid_search.pkl
2025-03-26 20:38:45,TestData/realData\EuroStat\naidsq_10_nf_tr.csv,realData,273.82,3125921,13,real,13219,random_forest_grid_search.pkl
2025-03-26 20:39:09,TestData/realData\EuroStat\naio_10_cp15.csv,realData,397.00,4870698,12,real,24071,random_forest_grid_search.pkl
2025-03-26 20:39:35,TestData/realData\EuroStat\naio_10_cp16.csv,realData,434.93,5321103,12,real,25285,random_forest_grid_search.pkl
2025-03-26 20:40:30,TestData/realData\EuroStat\naio_10_cp1610.csv,realData,942.00,11307461,12,real,55050,random_forest_grid_search.pkl
2025-03-26 20:40:44,TestData/realData\EuroStat\naio_10_cp1620.csv,realData,236.85,2862324,12,real,14701,random_forest_grid_search.pkl
2025-03-26 20:40:59,TestData/realData\EuroStat\naio_10_cp1630.csv,realData,240.57,2901991,12,real,14777,random_forest_grid_search.pkl
2025-03-26 20:41:39,TestData/realData\EuroStat\naio_10_cp1700.csv,realData,636.12,7315996,12,real,39863,random_forest_grid_search.pkl
2025-03-26 20:41:58,TestData/realData\EuroStat\naio_10_cp1750.csv,realData,308.23,3815272,12,real,18456,random_forest_grid_search.pkl
2025-03-26 20:41:58,TestData/realData\EuroStat\Populationbyeducationalattainment levelsexageandlevelofdisability.csv,realData,0.04,197,13,real,192,random_forest_grid_search.pkl
2025-03-26 20:41:58,TestData/fakeData\anne_car_data_2.csv,fakeData,0.04,550,12,fake,118,random_forest_grid_search.pkl
2025-03-26 20:41:58,TestData/fakeData\Artificial_Data.csv,fakeData,0.18,1000,15,fake,145,random_forest_grid_search.pkl
2025-03-26 20:41:58,TestData/fakeData\data-LzAcLkrRxo5zBlB1iAJXy.csv,fakeData,0.02,500,5,fake,102,random_forest_grid_search.pkl
2025-03-26 20:41:58,TestData/fakeData\Kaggle_Synthetic_Data.csv,fakeData,0.07,1000,9,fake,212,random_forest_grid_search.pkl
2025-03-26 20:41:58,TestData/fakeData\mackaroocom.csv,fakeData,0.06,1000,6,fake,149,random_forest_grid_search.pkl
2025-03-26 20:41:59,TestData/fakeData\random_dataset.csv,fakeData,0.01,200,8,fake,104,random_forest_grid_search.pkl
2025-03-26 20:41:59,TestData/fakeData\sdv_hotel_data.csv,fakeData,0.26,2000,10,real,186,random_forest_grid_search.pkl
2025-03-26 20:41:59,TestData/fakeData\synthetic_city_data.csv,fakeData,0.07,1000,10,fake,131,random_forest_grid_search.pkl
2025-03-26 20:41:59,TestData/fakeData\synthetic_city_data2.csv,fakeData,0.07,1000,10,fake,121,random_forest_grid_search.pkl
2025-03-26 20:41:59,TestData/fakeData\synthetic_city_data3.csv,fakeData,0.07,1000,10,fake,128,random_forest_grid_search.pkl
2025-03-26 20:41:59,TestData/fakeData\BenfordZipsDatasets\Perfect_Benford_Dataset__10_Columns_.csv,fakeData,0.18,1000,10,fake,131,random_forest_grid_search.pkl
2025-03-26 20:41:59,TestData/fakeData\BenfordZipsDatasets\Perfect_Zipf_Dataset__10_Columns_.csv,fakeData,0.07,1000,10,fake,129,random_forest_grid_search.pkl
2025-03-26 20:42:00,TestData/fakeData\fakeStockData\table_aa.csv,fakeData,0.21,3925,7,fake,166,random_forest_grid_search.pkl
2025-03-26 20:42:00,TestData/fakeData\fakeStockData\table_aapl.csv,fakeData,0.21,3925,7,fake,141,random_forest_grid_search.pkl
2025-03-26 20:42:00,TestData/fakeData\fakeStockData\table_abc.csv,fakeData,0.21,3925,7,fake,134,random_forest_grid_search.pkl
2025-03-26 20:42:00,TestData/fakeData\fakeStockData\table_aig.csv,fakeData,0.20,3925,7,fake,127,random_forest_grid_search.pkl
2025-03-26 20:42:00,TestData/fakeData\fakeStockData\table_amzn.csv,fakeData,0.17,3925,7,fake,133,random_forest_grid_search.pkl
2025-03-26 20:42:00,TestData/fakeData\fakeStockData\table_bwa.csv,fakeData,0.21,3925,7,fake,153,random_forest_grid_search.pkl
2025-03-26 20:42:00,TestData/fakeData\fakeStockData\table_cost.csv,fakeData,0.21,3925,7,fake,136,random_forest_grid_search.pkl
2025-03-26 20:42:01,TestData/fakeData\fakeStockData\table_csco.csv,fakeData,0.21,3925,7,fake,154,random_forest_grid_search.pkl
2025-03-26 20:42:01,TestData/fakeData\fakeStockData\table_d.csv,fakeData,0.21,3925,7,fake,137,random_forest_grid_search.pkl
2025-03-26 20:42:01,TestData/fakeData\fakeStockData\table_ebay.csv,fakeData,0.17,3742,7,fake,142,random_forest_grid_search.pkl
2025-03-26 20:42:01,TestData/fakeData\fakeStockData\table_goog.csv,fakeData,0.10,2259,7,fake,143,random_forest_grid_search.pkl
2025-03-26 20:42:07,TestData/realData\Amazon stock data 2000-2025.csv,realData,0.76,6321,7,fake,145,random_forest_grid_search.pkl
2025-03-26 20:42:07,TestData/realData\AnimalCrossingAccessories.csv,realData,0.05,222,22,real,95,random_forest_grid_search.pkl
2025-03-26 20:42:07,TestData/realData\bank_transactions_data_2.csv,realData,0.33,2512,16,real,123,random_forest_grid_search.pkl
2025-03-26 20:42:07,TestData/realData\big4_financial_risk_compliance.csv,realData,0.01,100,12,real,87,random_forest_grid_search.pkl
2025-03-26 20:42:08,TestData/realData\Elite Sports Cars in Data.csv,realData,0.79,5000,27,real,185,random_forest_grid_search.pkl
2025-03-26 20:42:08,TestData/realData\JPM_1940-01-01_2025-03-04.csv,realData,1.27,11333,7,fake,220,random_forest_grid_search.pkl
2025-03-26 20:42:08,TestData/realData\meets.csv,realData,0.60,8482,8,fake,134,random_forest_grid_search.pkl
2025-03-26 20:42:08,TestData/realData\Mobiles Dataset (2025).csv,realData,0.13,930,15,real,101,random_forest_grid_search.pkl
2025-03-26 20:42:08,TestData/realData\titanic.csv,realData,0.06,891,12,real,99,random_forest_grid_search.pkl
2025-03-26 20:42:08,TestData/realData\AnxietyData\enhanced_anxiety_dataset.csv,realData,0.72,11000,19,real,241,random_forest_grid_search.pkl
2025-03-26 20:42:09,TestData/realData\AnxietyData\family_anxiety_14_dataset.csv,realData,0.71,11000,19,real,277,random_forest_grid_search.pkl
2025-03-26 20:42:09,TestData/realData\EuroStat\acf_s_ne.csv,realData,0.06,960,11,real,89,random_forest_grid_search.pkl
2025-03-26 20:42:09,TestData/realData\EuroStat\acf_s_own.csv,realData,0.52,7200,12,real,115,random_forest_grid_search.pkl
2025-03-26 20:42:09,TestData/realData\EuroStat\acf_s_ty.csv,realData,0.40,5760,12,real,110,random_forest_grid_search.pkl
2025-03-26 20:42:09,TestData/realData\EuroStat\aei_ef_ir.csv,realData,0.19,2832,10,real,98,random_forest_grid_search.pkl
2025-03-26 20:42:09,TestData/realData\EuroStat\aei_ef_ls.csv,realData,0.60,8782,10,real,127,random_forest_grid_search.pkl
2025-03-26 20:42:09,TestData/realData\EuroStat\aei_ef_lu.csv,realData,0.38,5587,10,real,114,random_forest_grid_search.pkl
2025-03-26 20:42:10,TestData/realData\EuroStat\aei_fm_ms.csv,realData,2.18,31658,10,real,209,random_forest_grid_search.pkl
2025-03-26 20:42:10,TestData/realData\EuroStat\aei_fm_salpest09.csv,realData,3.10,44641,10,real,316,random_forest_grid_search.pkl
2025-03-26 20:42:10,TestData/realData\EuroStat\aei_fm_usefert.csv,realData,0.32,4982,10,real,114,random_forest_grid_search.pkl
2025-03-26 20:42:10,TestData/realData\EuroStat\aei_hri.csv,realData,0.05,729,10,real,116,random_forest_grid_search.pkl
2025-03-26 20:42:10,TestData/realData\EuroStat\aei_pestsal_rsk.csv,realData,0.14,1956,10,real,119,random_forest_grid_search.pkl
2025-03-26 20:42:11,TestData/realData\EuroStat\aei_pestuse.csv,realData,5.66,81520,11,real,443,random_forest_grid_search.pkl
2025-03-26 20:42:11,TestData/realData\EuroStat\aei_pr_gnb.csv,realData,4.10,61153,10,real,396,random_forest_grid_search.pkl
2025-03-26 20:42:13,TestData/realData\EuroStat\aei_pr_soiler.csv,realData,31.44,392400,11,real,2040,random_forest_grid_search.pkl
2025-03-26 20:42:13,TestData/realData\EuroStat\aei_ps_inp.csv,realData,2.81,39706,10,real,254,random_forest_grid_search.pkl
2025-03-26 20:42:41,TestData/realData\EuroStat\agr_r_accts.csv,realData,366.22,4760591,11,real,27340,random_forest_grid_search.pkl
2025-03-26 20:42:55,TestData/realData\EuroStat\agr_r_accts_h.csv,realData,186.66,2320007,11,real,14671,random_forest_grid_search.pkl
2025-03-26 20:42:58,TestData/realData\EuroStat\agr_r_animal.csv,realData,32.00,440036,10,real,2235,random_forest_grid_search.pkl
2025-03-26 20:42:58,TestData/realData\EuroStat\agr_r_milkpr.csv,realData,0.82,11497,10,real,215,random_forest_grid_search.pkl
2025-03-26 20:42:58,TestData/realData\EuroStat\estat_hlth_dh010_filtered_en.csv,realData,0.05,378,13,real,116,random_forest_grid_search.pkl
2025-03-26 20:42:58,TestData/realData\EuroStat\estat_hlth_silc_18_filtered_en.csv,realData,0.04,360,13,real,108,random_forest_grid_search.pkl
2025-03-26 20:42:59,TestData/realData\EuroStat\mar_go_aa.csv,realData,6.31,90862,10,real,753,random_forest_grid_search.pkl
2025-03-26 20:43:08,TestData/realData\EuroStat\mar_go_am_be.csv,realData,131.83,1620553,13,real,9223,random_forest_grid_search.pkl
2025-03-26 20:43:10,TestData/realData\EuroStat\mar_go_am_bg.csv,realData,23.70,292595,13,real,1739,random_forest_grid_search.pkl
2025-03-26 20:43:12,TestData/realData\EuroStat\mar_go_am_cy.csv,realData,24.18,298126,13,real,1848,random_forest_grid_search.pkl
2025-03-26 20:43:29,TestData/realData\EuroStat\mar_go_am_de.csv,realData,243.04,2987432,13,real,16865,random_forest_grid_search.pkl
2025-03-26 20:43:34,TestData/realData\EuroStat\mar_go_am_dk.csv,realData,79.40,962436,13,real,5511,random_forest_grid_search.pkl
2025-03-26 20:43:36,TestData/realData\EuroStat\mar_go_am_ee.csv,realData,24.01,293860,13,real,1908,random_forest_grid_search.pkl
2025-03-26 20:43:43,TestData/realData\EuroStat\mar_go_am_el.csv,realData,86.53,1055720,13,real,6775,random_forest_grid_search.pkl
2025-03-26 20:44:18,TestData/realData\EuroStat\mar_go_am_es.csv,realData,505.30,6174717,13,real,35537,random_forest_grid_search.pkl
2025-03-26 20:44:23,TestData/realData\EuroStat\mar_go_am_fi.csv,realData,78.40,946160,13,real,4771,random_forest_grid_search.pkl
2025-03-26 20:44:44,TestData/realData\EuroStat\mar_go_am_fr.csv,realData,309.56,3808510,13,real,21294,random_forest_grid_search.pkl
2025-03-26 20:44:45,TestData/realData\EuroStat\mar_go_am_hr.csv,realData,16.84,206571,13,real,1116,random_forest_grid_search.pkl
2025-03-26 20:44:47,TestData/realData\EuroStat\mar_go_am_ie.csv,realData,28.75,350611,13,real,1883,random_forest_grid_search.pkl
2025-03-26 20:45:05,TestData/realData\EuroStat\mar_go_am_it.csv,realData,269.36,3259213,13,real,17928,random_forest_grid_search.pkl
2025-03-26 20:45:07,TestData/realData\EuroStat\mar_go_am_lt.csv,realData,20.78,256752,13,real,1425,random_forest_grid_search.pkl
2025-03-26 20:45:09,TestData/realData\EuroStat\mar_go_am_lv.csv,realData,29.67,363403,13,real,2012,random_forest_grid_search.pkl
2025-03-26 20:45:09,TestData/realData\EuroStat\mar_go_am_me.csv,realData,1.24,15262,13,real,181,random_forest_grid_search.pkl
2025-03-26 20:45:11,TestData/realData\EuroStat\mar_go_am_mt.csv,realData,26.05,321251,13,real,1835,random_forest_grid_search.pkl
2025-03-26 20:45:23,TestData/realData\EuroStat\mar_go_am_nl.csv,realData,186.40,2279184,13,real,12483,random_forest_grid_search.pkl
2025-03-26 20:45:30,TestData/realData\EuroStat\mar_go_am_no.csv,realData,96.16,1160467,13,real,6396,random_forest_grid_search.pkl
2025-03-26 20:45:32,TestData/realData\EuroStat\mar_go_am_pl.csv,realData,42.68,521955,13,real,2868,random_forest_grid_search.pkl
2025-03-26 20:45:39,TestData/realData\EuroStat\mar_go_am_pt.csv,realData,98.42,1205572,13,real,6367,random_forest_grid_search.pkl
2025-03-26 20:45:41,TestData/realData\EuroStat\mar_go_am_ro.csv,realData,28.94,357521,13,real,2004,random_forest_grid_search.pkl
2025-03-26 20:45:53,TestData/realData\EuroStat\mar_go_am_se.csv,realData,172.48,2103091,13,real,11877,random_forest_grid_search.pkl
2025-03-26 20:45:54,TestData/realData\EuroStat\mar_go_am_si.csv,realData,16.57,204799,13,real,1152,random_forest_grid_search.pkl
2025-03-26 20:45:54,TestData/realData\EuroStat\naida_10_a10.csv,realData,8.44,113460,11,real,587,random_forest_grid_search.pkl
2025-03-26 20:45:56,TestData/realData\EuroStat\naida_10_gdp.csv,realData,21.71,300774,10,real,1428,random_forest_grid_search.pkl
2025-03-26 20:45:56,TestData/realData\EuroStat\naida_10_pe.csv,realData,1.32,17966,10,real,225,random_forest_grid_search.pkl
2025-03-26 20:45:58,TestData/realData\EuroStat\naidq_10_a10.csv,realData,31.92,394071,12,real,1646,random_forest_grid_search.pkl
2025-03-26 20:46:01,TestData/realData\EuroStat\naidq_10_gdp.csv,realData,74.60,944097,11,real,3707,random_forest_grid_search.pkl
2025-03-26 20:46:02,TestData/realData\EuroStat\naidq_10_pe.csv,realData,5.27,65629,11,real,345,random_forest_grid_search.pkl
2025-03-26 20:46:34,TestData/realData\EuroStat\naidsa_10_f_bs.csv,realData,511.26,6157235,13,real,32344,random_forest_grid_search.pkl
2025-03-26 20:47:08,TestData/realData\EuroStat\naidsa_10_f_tr.csv,realData,507.99,6146981,13,real,34139,random_forest_grid_search.pkl
2025-03-26 20:47:19,TestData/realData\EuroStat\naidsa_10_nf_tr.csv,realData,152.34,1881166,12,real,10313,random_forest_grid_search.pkl
2025-03-26 20:48:00,TestData/realData\EuroStat\naidsq_10_f_bs.csv,realData,792.33,8862146,13,real,41809,random_forest_grid_search.pkl
2025-03-26 20:48:44,TestData/realData\EuroStat\naidsq_10_f_tr.csv,realData,725.46,8185043,13,real,43223,random_forest_grid_search.pkl
2025-03-26 20:49:00,TestData/realData\EuroStat\naidsq_10_nf_tr.csv,realData,273.82,3125921,13,real,16017,random_forest_grid_search.pkl
2025-03-26 20:49:29,TestData/realData\EuroStat\naio_10_cp15.csv,realData,397.00,4870698,12,real,29255,random_forest_grid_search.pkl
2025-03-26 20:50:01,TestData/realData\EuroStat\naio_10_cp16.csv,realData,434.93,5321103,12,real,31756,random_forest_grid_search.pkl
2025-03-26 20:51:07,TestData/realData\EuroStat\naio_10_cp1610.csv,realData,942.00,11307461,12,real,66383,random_forest_grid_search.pkl
2025-03-26 20:51:24,TestData/realData\EuroStat\naio_10_cp1620.csv,realData,236.85,2862324,12,real,17118,random_forest_grid_search.pkl
2025-03-26 20:51:41,TestData/realData\EuroStat\naio_10_cp1630.csv,realData,240.57,2901991,12,real,16986,random_forest_grid_search.pkl
2025-03-26 20:52:25,TestData/realData\EuroStat\naio_10_cp1700.csv,realData,636.12,7315996,12,real,43897,random_forest_grid_search.pkl
2025-03-26 20:52:48,TestData/realData\EuroStat\naio_10_cp1750.csv,realData,308.23,3815272,12,real,23003,random_forest_grid_search.pkl
2025-03-26 20:52:48,TestData/realData\EuroStat\Populationbyeducationalattainment levelsexageandlevelofdisability.csv,realData,0.04,197,13,real,234,random_forest_grid_search.pkl
2025-03-26 20:52:48,TestData/fakeData\anne_car_data_2.csv,fakeData,0.04,550,12,fake,126,random_forest_grid_search.pkl
2025-03-26 20:52:49,TestData/fakeData\Artificial_Data.csv,fakeData,0.18,1000,15,fake,137,random_forest_grid_search.pkl
2025-03-26 20:52:49,TestData/fakeData\data-LzAcLkrRxo5zBlB1iAJXy.csv,fakeData,0.02,500,5,fake,116,random_forest_grid_search.pkl
2025-03-26 20:52:49,TestData/fakeData\Kaggle_Synthetic_Data.csv,fakeData,0.07,1000,9,fake,141,random_forest_grid_search.pkl
2025-03-26 20:52:49,TestData/fakeData\mackaroocom.csv,fakeData,0.06,1000,6,fake,149,random_forest_grid_search.pkl
2025-03-26 20:52:49,TestData/fakeData\random_dataset.csv,fakeData,0.01,200,8,fake,122,random_forest_grid_search.pkl
2025-03-26 20:52:49,TestData/fakeData\sdv_hotel_data.csv,fakeData,0.26,2000,10,real,148,random_forest_grid_search.pkl
2025-03-26 20:52:49,TestData/fakeData\synthetic_city_data.csv,fakeData,0.07,1000,10,fake,131,random_forest_grid_search.pkl
2025-03-26 20:52:50,TestData/fakeData\synthetic_city_data2.csv,fakeData,0.07,1000,10,fake,134,random_forest_grid_search.pkl
2025-03-26 20:52:50,TestData/fakeData\synthetic_city_data3.csv,fakeData,0.07,1000,10,fake,134,random_forest_grid_search.pkl
2025-03-26 20:52:50,TestData/fakeData\BenfordZipsDatasets\Perfect_Benford_Dataset__10_Columns_.csv,fakeData,0.18,1000,10,fake,124,random_forest_grid_search.pkl
2025-03-26 20:52:50,TestData/fakeData\BenfordZipsDatasets\Perfect_Zipf_Dataset__10_Columns_.csv,fakeData,0.07,1000,10,fake,128,random_forest_grid_search.pkl
2025-03-26 20:52:50,TestData/fakeData\fakeStockData\table_aa.csv,fakeData,0.21,3925,7,fake,164,random_forest_grid_search.pkl
2025-03-26 20:52:50,TestData/fakeData\fakeStockData\table_aapl.csv,fakeData,0.21,3925,7,fake,162,random_forest_grid_search.pkl
2025-03-26 20:52:50,TestData/fakeData\fakeStockData\table_abc.csv,fakeData,0.21,3925,7,fake,144,random_forest_grid_search.pkl
2025-03-26 20:52:51,TestData/fakeData\fakeStockData\table_aig.csv,fakeData,0.20,3925,7,fake,157,random_forest_grid_search.pkl
2025-03-26 20:52:51,TestData/fakeData\fakeStockData\table_amzn.csv,fakeData,0.17,3925,7,fake,139,random_forest_grid_search.pkl
2025-03-26 20:52:51,TestData/fakeData\fakeStockData\table_bwa.csv,fakeData,0.21,3925,7,fake,147,random_forest_grid_search.pkl
2025-03-26 20:52:51,TestData/fakeData\fakeStockData\table_cost.csv,fakeData,0.21,3925,7,fake,145,random_forest_grid_search.pkl
2025-03-26 20:52:51,TestData/fakeData\fakeStockData\table_csco.csv,fakeData,0.21,3925,7,fake,158,random_forest_grid_search.pkl
2025-03-26 20:52:51,TestData/fakeData\fakeStockData\table_d.csv,fakeData,0.21,3925,7,fake,162,random_forest_grid_search.pkl
2025-03-26 20:52:51,TestData/fakeData\fakeStockData\table_ebay.csv,fakeData,0.17,3742,7,fake,185,random_forest_grid_search.pkl
2025-03-26 20:52:52,TestData/fakeData\fakeStockData\table_goog.csv,fakeData,0.10,2259,7,fake,154,random_forest_grid_search.pkl
2025-03-27 13:14:28,TestData/realData\twitchdata-update.csv,realData,0.08,1000,11,real,245,random_forest_grid_search.pkl
2025-03-27 13:16:07,TestData/realData\twitchdata-update.csv,realData,0.08,1000,11,real,94,random_forest_grid_search.pkl
2025-03-27 13:17:10,TestData/realData\twitchdata-update.csv,realData,0.08,1000,11,real,106,random_forest_grid_search.pkl
2025-03-27 13:59:16,TestData/realData\21371-0001_de_flat.csv,realData,0.36,1440,3,real,98,random_forest_grid_search.pkl
2025-03-27 13:59:16,TestData/realData\twitchdata-update.csv,realData,0.08,1000,11,real,89,random_forest_grid_search.pkl
2025-03-27 14:17:47,TestData/realData\21371-0001_de_flat.csv,realData,0.37,1440,3,real,127,random_forest_grid_search.pkl
2025-03-27 14:17:47,TestData/realData\twitchdata-update.csv,realData,0.10,1000,11,real,97,random_forest_grid_search.pkl
2025-03-27 16:45:24,TestData/realData\21371-0001_de_flat.csv,realData,0.36,1440,3,real,116,random_forest_grid_search.pkl
2025-03-27 16:45:24,TestData/realData\twitchdata-update.csv,realData,0.08,1000,11,real,110,random_forest_grid_search.pkl
2025-03-27 16:46:38,TestData/realData\21371-0001_de_flat.csv,realData,0.36,1440,3,real,106,random_forest_grid_search.pkl
2025-03-27 16:46:38,TestData/realData\twitchdata-update.csv,realData,0.08,1000,11,real,99,random_forest_grid_search.pkl
2025-03-27 16:46:38,TestData/fakeData\anne_car_data_2.csv,fakeData,0.04,550,12,fake,103,random_forest_grid_search.pkl
2025-03-27 16:46:38,TestData/fakeData\Artificial_Data.csv,fakeData,0.18,1000,15,fake,103,random_forest_grid_search.pkl
2025-03-27 16:46:38,TestData/fakeData\data-LzAcLkrRxo5zBlB1iAJXy.csv,fakeData,0.02,500,5,fake,100,random_forest_grid_search.pkl
2025-03-27 16:46:38,TestData/fakeData\Kaggle_Synthetic_Data.csv,fakeData,0.07,1000,9,fake,121,random_forest_grid_search.pkl
2025-03-27 16:46:39,TestData/fakeData\mackaroocom.csv,fakeData,0.06,1000,6,fake,118,random_forest_grid_search.pkl
2025-03-27 16:46:39,TestData/fakeData\random_dataset.csv,fakeData,0.01,200,8,fake,104,random_forest_grid_search.pkl
2025-03-27 16:46:39,TestData/fakeData\sdv_hotel_data.csv,fakeData,0.26,2000,10,real,121,random_forest_grid_search.pkl
2025-03-27 16:46:39,TestData/fakeData\synthetic_city_data.csv,fakeData,0.07,1000,10,fake,107,random_forest_grid_search.pkl
2025-03-27 16:46:39,TestData/fakeData\synthetic_city_data2.csv,fakeData,0.07,1000,10,fake,110,random_forest_grid_search.pkl
2025-03-27 16:46:39,TestData/fakeData\synthetic_city_data3.csv,fakeData,0.07,1000,10,fake,104,random_forest_grid_search.pkl
2025-03-27 16:46:39,TestData/fakeData\BenfordZipsDatasets\Perfect_Benford_Dataset__10_Columns_.csv,fakeData,0.18,1000,10,fake,98,random_forest_grid_search.pkl
2025-03-27 16:46:39,TestData/fakeData\BenfordZipsDatasets\Perfect_Zipf_Dataset__10_Columns_.csv,fakeData,0.07,1000,10,fake,87,random_forest_grid_search.pkl
2025-03-27 16:46:39,TestData/fakeData\fakeStockData\table_aa.csv,fakeData,0.21,3925,7,fake,112,random_forest_grid_search.pkl
2025-03-27 16:46:40,TestData/fakeData\fakeStockData\table_aapl.csv,fakeData,0.21,3925,7,fake,114,random_forest_grid_search.pkl
2025-03-27 16:46:40,TestData/fakeData\fakeStockData\table_abc.csv,fakeData,0.21,3925,7,fake,149,random_forest_grid_search.pkl
2025-03-27 16:46:40,TestData/fakeData\fakeStockData\table_aig.csv,fakeData,0.20,3925,7,fake,118,random_forest_grid_search.pkl
2025-03-27 16:46:40,TestData/fakeData\fakeStockData\table_amzn.csv,fakeData,0.17,3925,7,fake,110,random_forest_grid_search.pkl
2025-03-27 16:46:40,TestData/fakeData\fakeStockData\table_bwa.csv,fakeData,0.21,3925,7,fake,116,random_forest_grid_search.pkl
2025-03-27 16:46:40,TestData/fakeData\fakeStockData\table_cost.csv,fakeData,0.21,3925,7,fake,115,random_forest_grid_search.pkl
2025-03-27 16:46:40,TestData/fakeData\fakeStockData\table_csco.csv,fakeData,0.21,3925,7,fake,120,random_forest_grid_search.pkl
2025-03-27 16:46:40,TestData/fakeData\fakeStockData\table_d.csv,fakeData,0.21,3925,7,fake,120,random_forest_grid_search.pkl
2025-03-27 16:46:41,TestData/fakeData\fakeStockData\table_ebay.csv,fakeData,0.17,3742,7,fake,117,random_forest_grid_search.pkl
2025-03-27 16:46:41,TestData/fakeData\fakeStockData\table_goog.csv,fakeData,0.10,2259,7,fake,143,random_forest_grid_search.pkl
2025-03-27 18:21:45,TestData/realData\breast_cancer_data_cleaned.csv,realData,0.12,569,32,real,73,random_forest_grid_search.pkl
2025-03-27 18:21:45,TestData/realData\car_fuel_data.csv,realData,0.04,550,12,real,40,random_forest_grid_search.pkl
2025-03-27 18:21:45,TestData/realData\car_price_data.csv,realData,0.27,5000,10,real,68,random_forest_grid_search.pkl
2025-03-27 18:21:45,TestData/realData\CD.csv,realData,0.66,5000,13,real,106,random_forest_grid_search.pkl
2025-03-27 18:21:46,TestData/realData\creditcard_data_cleaned.csv,realData,2.54,5000,31,real,217,random_forest_grid_search.pkl
2025-03-27 18:21:46,TestData/realData\Global_Cybersecurity_Threats_2015-2024.csv,realData,0.24,3000,10,real,50,random_forest_grid_search.pkl
2025-03-27 18:21:46,TestData/realData\horse_data.csv,realData,0.02,300,28,real,42,random_forest_grid_search.pkl
2025-03-27 18:21:46,TestData/realData\iris_data.csv,realData,0.00,150,5,real,23,random_forest_grid_search.pkl
2025-03-27 18:21:46,TestData/realData\Loan Prediction_original.csv,realData,0.40,5000,14,real,72,random_forest_grid_search.pkl
2025-03-27 18:21:46,TestData/realData\pokemon_data.csv,realData,0.07,905,12,real,42,random_forest_grid_search.pkl
2025-03-27 18:21:46,TestData/realData\sample_5000.csv,realData,0.43,5000,12,real,47,random_forest_grid_search.pkl
2025-03-27 18:21:46,TestData/realData\spotify_2023.csv,realData,0.13,953,32,real,58,random_forest_grid_search.pkl
2025-03-27 18:21:46,TestData/realData\students_grading_data.csv,realData,0.67,5000,23,real,159,random_forest_grid_search.pkl
2025-03-27 18:21:46,TestData/realData\students_performance_data_cleaned.csv,realData,0.05,1000,8,real,35,random_forest_grid_search.pkl
2025-03-27 18:21:46,TestData/realData\user_behavior_dataset_original.csv,realData,0.04,700,11,real,39,random_forest_grid_search.pkl
2025-03-27 18:21:46,TestData/realData\winequality-red.csv,realData,0.09,1599,12,real,44,random_forest_grid_search.pkl
2025-03-27 18:21:46,TestData/realData\cvap\BlockGr.csv,realData,0.60,5000,11,real,74,random_forest_grid_search.pkl
2025-03-27 18:21:46,TestData/realData\cvap\CD.csv,realData,0.66,5000,13,real,74,random_forest_grid_search.pkl
2025-03-27 18:21:46,TestData/realData\cvap\County.csv,realData,0.48,5000,13,real,74,random_forest_grid_search.pkl
2025-03-27 18:21:47,TestData/realData\cvap\MCD.csv,realData,0.57,5000,14,real,82,random_forest_grid_search.pkl
2025-03-27 18:21:47,TestData/realData\cvap\Nation.csv,realData,0.00,13,12,real,26,random_forest_grid_search.pkl
2025-03-27 18:21:47,TestData/realData\cvap\Place.csv,realData,0.47,5000,13,real,77,random_forest_grid_search.pkl
2025-03-27 18:21:47,TestData/realData\cvap\SLDLC.csv,realData,0.58,5000,13,real,109,random_forest_grid_search.pkl
2025-03-27 18:21:47,TestData/realData\cvap\SLDUC.csv,realData,0.60,5000,13,real,72,random_forest_grid_search.pkl
2025-03-27 18:21:47,TestData/realData\cvap\State.csv,realData,0.06,676,12,real,35,random_forest_grid_search.pkl
2025-03-27 18:21:47,TestData/realData\cvap\Tract.csv,realData,0.53,5000,10,real,67,random_forest_grid_search.pkl
2025-03-27 18:21:47,TestData/realData\EuroStat\demo_divcb.csv,realData,0.38,5000,11,real,54,random_forest_grid_search.pkl
2025-03-27 18:21:47,TestData/realData\EuroStat\demo_divcz.csv,realData,0.38,5000,11,real,52,random_forest_grid_search.pkl
2025-03-27 18:21:47,TestData/realData\EuroStat\demo_fabort.csv,realData,0.36,5000,10,real,52,random_forest_grid_search.pkl
2025-03-27 18:21:47,TestData/realData\EuroStat\demo_fabortind.csv,realData,0.04,502,10,real,36,random_forest_grid_search.pkl
2025-03-27 18:21:47,TestData/realData\EuroStat\demo_fabortord.csv,realData,0.39,5000,11,real,56,random_forest_grid_search.pkl
2025-03-27 18:21:47,TestData/realData\EuroStat\demo_facbc.csv,realData,0.38,5000,11,real,54,random_forest_grid_search.pkl
2025-03-27 18:21:47,TestData/realData\EuroStat\demo_faczc.csv,realData,0.37,5000,11,real,60,random_forest_grid_search.pkl
2025-03-27 18:21:47,TestData/realData\EuroStat\demo_faeduc.csv,realData,0.36,5000,11,real,55,random_forest_grid_search.pkl
2025-03-27 18:21:47,TestData/realData\EuroStat\demo_faemplc.csv,realData,0.37,5000,11,real,56,random_forest_grid_search.pkl
2025-03-27 18:21:48,TestData/realData\EuroStat\demo_fagec.csv,realData,0.37,5000,11,real,58,random_forest_grid_search.pkl
2025-03-27 18:21:48,TestData/realData\EuroStat\demo_fager.csv,realData,0.36,5000,11,real,57,random_forest_grid_search.pkl
2025-03-27 18:21:48,TestData/realData\EuroStat\demo_fasec.csv,realData,0.35,5000,11,real,58,random_forest_grid_search.pkl
2025-03-27 18:21:48,TestData/realData\EuroStat\demo_find.csv,realData,0.35,5000,9,real,55,random_forest_grid_search.pkl
2025-03-27 18:21:48,TestData/realData\EuroStat\demo_fmonth.csv,realData,0.36,5000,10,real,51,random_forest_grid_search.pkl
2025-03-27 18:21:48,TestData/realData\EuroStat\demo_fordagec.csv,realData,0.38,5000,11,real,53,random_forest_grid_search.pkl
2025-03-27 18:21:48,TestData/realData\EuroStat\demo_fordager.csv,realData,0.37,5000,11,real,53,random_forest_grid_search.pkl
2025-03-27 18:21:48,TestData/realData\EuroStat\demo_frate.csv,realData,0.39,5000,11,real,90,random_forest_grid_search.pkl
2025-03-27 18:21:48,TestData/realData\EuroStat\demo_fweight.csv,realData,0.39,5000,11,real,53,random_forest_grid_search.pkl
2025-03-27 18:21:48,TestData/realData\EuroStat\demo_gind.csv,realData,0.35,5000,9,real,57,random_forest_grid_search.pkl
2025-03-27 18:21:48,TestData/realData\EuroStat\demo_macbc.csv,realData,0.37,5000,12,real,57,random_forest_grid_search.pkl
2025-03-27 18:21:48,TestData/realData\EuroStat\demo_maczc.csv,realData,0.37,5000,12,real,62,random_forest_grid_search.pkl
2025-03-27 18:21:48,TestData/realData\EuroStat\demo_maeduc.csv,realData,0.37,5000,12,real,57,random_forest_grid_search.pkl
2025-03-27 18:21:48,TestData/realData\EuroStat\demo_magec.csv,realData,0.35,5000,11,real,60,random_forest_grid_search.pkl
2025-03-27 18:21:48,TestData/realData\EuroStat\demo_mager.csv,realData,0.34,5000,11,real,65,random_forest_grid_search.pkl
2025-03-27 18:21:48,TestData/realData\EuroStat\demo_marcb.csv,realData,0.38,5000,11,real,64,random_forest_grid_search.pkl
2025-03-27 18:21:48,TestData/fakeData\anne_car_data_2.csv,fakeData,0.04,550,12,fake,56,random_forest_grid_search.pkl
2025-03-27 18:21:49,TestData/fakeData\Artificial_Data.csv,fakeData,0.18,1000,15,fake,58,random_forest_grid_search.pkl
2025-03-27 18:21:49,TestData/fakeData\data-LzAcLkrRxo5zBlB1iAJXy.csv,fakeData,0.02,500,5,fake,44,random_forest_grid_search.pkl
2025-03-27 18:21:49,TestData/fakeData\Kaggle_Synthetic_Data.csv,fakeData,0.07,1000,9,fake,47,random_forest_grid_search.pkl
2025-03-27 18:21:49,TestData/fakeData\mackaroocom.csv,fakeData,0.06,1000,6,fake,47,random_forest_grid_search.pkl
2025-03-27 18:21:49,TestData/fakeData\random_dataset.csv,fakeData,0.01,200,8,fake,39,random_forest_grid_search.pkl
2025-03-27 18:21:49,TestData/fakeData\sdv_hotel_data.csv,fakeData,0.26,2000,11,fake,68,random_forest_grid_search.pkl
2025-03-27 18:21:49,TestData/fakeData\synthetic_city_data.csv,fakeData,0.07,1000,10,fake,45,random_forest_grid_search.pkl
2025-03-27 18:21:49,TestData/fakeData\synthetic_city_data2.csv,fakeData,0.07,1000,10,fake,42,random_forest_grid_search.pkl
2025-03-27 18:21:49,TestData/fakeData\synthetic_city_data3.csv,fakeData,0.07,1000,10,fake,44,random_forest_grid_search.pkl
2025-03-27 18:21:49,TestData/fakeData\BenfordZipsDatasets\Perfect_Benford_Dataset__10_Columns_.csv,fakeData,0.18,1000,10,fake,43,random_forest_grid_search.pkl
2025-03-27 18:21:49,TestData/fakeData\BenfordZipsDatasets\Perfect_Zipf_Dataset__10_Columns_.csv,fakeData,0.07,1000,10,fake,34,random_forest_grid_search.pkl
2025-03-27 18:21:49,TestData/fakeData\fakeStockData\table_aa.csv,fakeData,0.21,3925,7,fake,65,random_forest_grid_search.pkl
2025-03-27 18:21:49,TestData/fakeData\fakeStockData\table_aapl.csv,fakeData,0.21,3925,7,fake,62,random_forest_grid_search.pkl
2025-03-27 18:21:49,TestData/fakeData\fakeStockData\table_abc.csv,fakeData,0.21,3925,7,fake,60,random_forest_grid_search.pkl
2025-03-27 18:21:49,TestData/fakeData\fakeStockData\table_aig.csv,fakeData,0.20,3925,7,fake,60,random_forest_grid_search.pkl
2025-03-27 18:21:49,TestData/fakeData\fakeStockData\table_amzn.csv,fakeData,0.17,3925,7,fake,93,random_forest_grid_search.pkl
2025-03-27 18:21:49,TestData/fakeData\fakeStockData\table_bwa.csv,fakeData,0.21,3925,7,fake,64,random_forest_grid_search.pkl
2025-03-27 18:21:49,TestData/fakeData\fakeStockData\table_cost.csv,fakeData,0.21,3925,7,fake,63,random_forest_grid_search.pkl
2025-03-27 18:21:50,TestData/fakeData\fakeStockData\table_csco.csv,fakeData,0.21,3925,7,fake,63,random_forest_grid_search.pkl
2025-03-27 18:21:50,TestData/fakeData\fakeStockData\table_d.csv,fakeData,0.21,3925,7,fake,69,random_forest_grid_search.pkl
2025-03-27 18:21:50,TestData/fakeData\fakeStockData\table_ebay.csv,fakeData,0.17,3742,7,fake,57,random_forest_grid_search.pkl
2025-03-27 18:21:50,TestData/fakeData\fakeStockData\table_goog.csv,fakeData,0.10,2259,7,fake,48,random_forest_grid_search.pkl
2025-03-27 18:32:11,TestData/realData\21371-0001_de_flat.csv,realData,0.36,1440,3,real,40,random_forest_grid_search.pkl
2025-03-27 18:32:12,TestData/realData\Amazon stock data 2000-2025.csv,realData,0.76,6321,7,fake,89,random_forest_grid_search.pkl
2025-03-27 18:32:12,TestData/realData\AnimalCrossingAccessories.csv,realData,0.05,222,22,real,46,random_forest_grid_search.pkl
2025-03-27 18:32:12,TestData/realData\bank_transactions_data_2.csv,realData,0.33,2512,16,real,68,random_forest_grid_search.pkl
2025-03-27 18:32:12,TestData/realData\big4_financial_risk_compliance.csv,realData,0.01,100,12,real,33,random_forest_grid_search.pkl
2025-03-27 18:32:12,TestData/realData\Elite Sports Cars in Data.csv,realData,0.80,5000,27,real,131,random_forest_grid_search.pkl
2025-03-27 18:32:12,TestData/realData\JPM_1940-01-01_2025-03-04.csv,realData,1.27,11333,7,fake,158,random_forest_grid_search.pkl
2025-03-27 18:32:12,TestData/realData\meets.csv,realData,0.62,8482,8,real,83,random_forest_grid_search.pkl
2025-03-27 18:32:12,TestData/realData\titanic.csv,realData,0.06,891,12,real,48,random_forest_grid_search.pkl
2025-03-27 18:32:12,TestData/realData\twitchdata-update.csv,realData,0.08,1000,11,real,38,random_forest_grid_search.pkl
2025-03-27 18:32:12,TestData/realData\AnxietyData\enhanced_anxiety_dataset.csv,realData,0.72,11000,19,real,182,random_forest_grid_search.pkl
2025-03-27 18:32:13,TestData/realData\AnxietyData\family_anxiety_14_dataset.csv,realData,0.71,11000,19,real,212,random_forest_grid_search.pkl
2025-03-27 18:32:13,TestData/realData\EuroStat\acf_s_ne.csv,realData,0.07,960,11,real,45,random_forest_grid_search.pkl
2025-03-27 18:32:13,TestData/realData\EuroStat\acf_s_own.csv,realData,0.56,7200,12,real,66,random_forest_grid_search.pkl
2025-03-27 18:32:13,TestData/realData\EuroStat\acf_s_ty.csv,realData,0.43,5760,12,real,63,random_forest_grid_search.pkl
2025-03-27 18:32:13,TestData/realData\EuroStat\aei_ef_ir.csv,realData,0.21,2832,10,real,49,random_forest_grid_search.pkl
2025-03-27 18:32:13,TestData/realData\EuroStat\aei_ef_ls.csv,realData,0.65,8782,10,real,70,random_forest_grid_search.pkl
2025-03-27 18:32:13,TestData/realData\EuroStat\aei_ef_lu.csv,realData,0.41,5587,10,real,61,random_forest_grid_search.pkl
2025-03-27 18:32:13,TestData/realData\EuroStat\aei_fm_ms.csv,realData,2.36,31658,10,real,145,random_forest_grid_search.pkl
2025-03-27 18:32:13,TestData/realData\EuroStat\aei_fm_salpest09.csv,realData,3.35,44641,10,real,192,random_forest_grid_search.pkl
2025-03-27 18:32:13,TestData/realData\EuroStat\aei_fm_usefert.csv,realData,0.35,4982,10,real,58,random_forest_grid_search.pkl
2025-03-27 18:32:13,TestData/realData\EuroStat\aei_hri.csv,realData,0.06,729,10,real,42,random_forest_grid_search.pkl
2025-03-27 18:32:13,TestData/realData\EuroStat\aei_pestsal_rsk.csv,realData,0.15,1956,10,real,52,random_forest_grid_search.pkl
2025-03-27 18:32:14,TestData/realData\EuroStat\aei_pestuse.csv,realData,6.10,81520,11,real,398,random_forest_grid_search.pkl
2025-03-27 18:32:14,TestData/realData\EuroStat\aei_pr_gnb.csv,realData,4.39,61153,10,real,296,random_forest_grid_search.pkl
2025-03-27 18:32:16,TestData/realData\EuroStat\aei_pr_soiler.csv,realData,33.68,392400,11,real,1744,random_forest_grid_search.pkl
2025-03-27 18:32:16,TestData/realData\EuroStat\aei_ps_inp.csv,realData,3.03,39706,10,real,214,random_forest_grid_search.pkl
2025-03-27 18:32:40,TestData/realData\EuroStat\agr_r_accts.csv,realData,393.46,4760591,11,real,24113,random_forest_grid_search.pkl
2025-03-27 18:32:53,TestData/realData\EuroStat\agr_r_accts_h.csv,realData,199.93,2320007,11,real,12751,random_forest_grid_search.pkl
2025-03-27 18:32:55,TestData/realData\EuroStat\agr_r_animal.csv,realData,34.45,440036,10,real,1737,random_forest_grid_search.pkl
2025-03-27 18:32:55,TestData/realData\EuroStat\agr_r_milkpr.csv,realData,0.88,11497,10,real,89,random_forest_grid_search.pkl
2025-03-27 18:32:55,TestData/realData\EuroStat\mar_go_aa.csv,realData,6.83,90862,10,real,366,random_forest_grid_search.pkl
2025-03-27 18:33:03,TestData/realData\EuroStat\mar_go_am_be.csv,realData,141.10,1620553,13,real,8068,random_forest_grid_search.pkl
2025-03-27 18:33:05,TestData/realData\EuroStat\mar_go_am_bg.csv,realData,25.37,292595,13,real,1374,random_forest_grid_search.pkl
2025-03-27 18:33:06,TestData/realData\EuroStat\mar_go_am_cy.csv,realData,25.89,298126,13,real,1381,random_forest_grid_search.pkl
2025-03-27 18:33:20,TestData/realData\EuroStat\mar_go_am_de.csv,realData,260.14,2987432,13,real,14021,random_forest_grid_search.pkl
2025-03-27 18:33:25,TestData/realData\EuroStat\mar_go_am_dk.csv,realData,84.91,962436,13,real,4522,random_forest_grid_search.pkl
2025-03-27 18:33:26,TestData/realData\EuroStat\mar_go_am_ee.csv,realData,25.70,293860,13,real,1361,random_forest_grid_search.pkl
2025-03-27 18:33:31,TestData/realData\EuroStat\mar_go_am_el.csv,realData,92.57,1055720,13,real,5052,random_forest_grid_search.pkl
2025-03-27 18:33:59,TestData/realData\EuroStat\mar_go_am_es.csv,realData,540.63,6174717,13,real,28399,random_forest_grid_search.pkl
2025-03-27 18:34:03,TestData/realData\EuroStat\mar_go_am_fi.csv,realData,83.81,946160,13,real,4012,random_forest_grid_search.pkl
2025-03-27 18:34:21,TestData/realData\EuroStat\mar_go_am_fr.csv,realData,331.35,3808510,13,real,17604,random_forest_grid_search.pkl
2025-03-27 18:34:22,TestData/realData\EuroStat\mar_go_am_hr.csv,realData,18.02,206571,13,real,937,random_forest_grid_search.pkl
2025-03-27 18:34:23,TestData/realData\EuroStat\mar_go_am_ie.csv,realData,30.75,350611,13,real,1610,random_forest_grid_search.pkl
2025-03-27 18:34:39,TestData/realData\EuroStat\mar_go_am_it.csv,realData,288.01,3259213,13,real,15140,random_forest_grid_search.pkl
2025-03-27 18:34:40,TestData/realData\EuroStat\mar_go_am_lt.csv,realData,22.25,256752,13,real,1182,random_forest_grid_search.pkl
2025-03-27 18:34:42,TestData/realData\EuroStat\mar_go_am_lv.csv,realData,31.75,363403,13,real,1687,random_forest_grid_search.pkl
2025-03-27 18:34:42,TestData/realData\EuroStat\mar_go_am_me.csv,realData,1.32,15262,13,real,104,random_forest_grid_search.pkl
2025-03-27 18:34:43,TestData/realData\EuroStat\mar_go_am_mt.csv,realData,27.89,321251,13,real,1436,random_forest_grid_search.pkl
2025-03-27 18:34:54,TestData/realData\EuroStat\mar_go_am_nl.csv,realData,199.44,2279184,13,real,10764,random_forest_grid_search.pkl
2025-03-27 18:34:59,TestData/realData\EuroStat\mar_go_am_no.csv,realData,102.80,1160467,13,real,5442,random_forest_grid_search.pkl
2025-03-27 18:35:02,TestData/realData\EuroStat\mar_go_am_pl.csv,realData,45.67,521955,13,real,2387,random_forest_grid_search.pkl
2025-03-27 18:35:07,TestData/realData\EuroStat\mar_go_am_pt.csv,realData,105.32,1205572,13,real,5671,random_forest_grid_search.pkl
2025-03-27 18:35:09,TestData/realData\EuroStat\mar_go_am_ro.csv,realData,30.99,357521,13,real,1627,random_forest_grid_search.pkl
2025-03-27 18:35:19,TestData/realData\EuroStat\mar_go_am_se.csv,realData,184.52,2103091,13,real,9645,random_forest_grid_search.pkl
2025-03-27 18:35:20,TestData/realData\EuroStat\mar_go_am_si.csv,realData,17.74,204799,13,real,1016,random_forest_grid_search.pkl
2025-03-27 18:35:20,TestData/realData\EuroStat\naida_10_a10.csv,realData,9.08,113460,11,real,508,random_forest_grid_search.pkl
2025-03-27 18:35:21,TestData/realData\EuroStat\naida_10_gdp.csv,realData,23.38,300774,10,real,1231,random_forest_grid_search.pkl
2025-03-27 18:35:21,TestData/realData\EuroStat\naida_10_pe.csv,realData,1.42,17966,10,real,108,random_forest_grid_search.pkl
2025-03-27 18:35:23,TestData/realData\EuroStat\naidq_10_a10.csv,realData,34.14,394071,12,real,1411,random_forest_grid_search.pkl
2025-03-27 18:35:26,TestData/realData\EuroStat\naidq_10_gdp.csv,realData,79.92,944097,11,real,3226,random_forest_grid_search.pkl
2025-03-27 18:35:26,TestData/realData\EuroStat\naidq_10_pe.csv,realData,5.62,65629,11,real,254,random_forest_grid_search.pkl
2025-03-27 18:35:54,TestData/realData\EuroStat\naidsa_10_f_bs.csv,realData,546.20,6157235,13,real,28044,random_forest_grid_search.pkl
2025-03-27 18:36:22,TestData/realData\EuroStat\naidsa_10_f_tr.csv,realData,542.79,6146981,13,real,27900,random_forest_grid_search.pkl
2025-03-27 18:36:31,TestData/realData\EuroStat\naidsa_10_nf_tr.csv,realData,162.92,1881166,12,real,8834,random_forest_grid_search.pkl
2025-03-27 18:37:05,TestData/realData\EuroStat\naidsq_10_f_bs.csv,realData,843.03,8862146,13,real,33612,random_forest_grid_search.pkl
2025-03-27 18:37:36,TestData/realData\EuroStat\naidsq_10_f_tr.csv,realData,772.29,8185043,13,real,31203,random_forest_grid_search.pkl
2025-03-27 18:37:48,TestData/realData\EuroStat\naidsq_10_nf_tr.csv,realData,291.37,3125921,13,real,11634,random_forest_grid_search.pkl
2025-03-27 18:38:09,TestData/realData\EuroStat\naio_10_cp15.csv,realData,424.55,4870698,12,real,21447,random_forest_grid_search.pkl
2025-03-27 18:38:33,TestData/realData\EuroStat\naio_10_cp16.csv,realData,465.08,5321103,12,real,23694,random_forest_grid_search.pkl
2025-03-27 18:39:23,TestData/realData\EuroStat\naio_10_cp1610.csv,realData,1005.43,11307461,12,real,50509,random_forest_grid_search.pkl
2025-03-27 18:39:36,TestData/realData\EuroStat\naio_10_cp1620.csv,realData,252.44,2862324,12,real,12758,random_forest_grid_search.pkl
2025-03-27 18:39:49,TestData/realData\EuroStat\naio_10_cp1630.csv,realData,256.44,2901991,12,real,12728,random_forest_grid_search.pkl
2025-03-27 18:40:22,TestData/realData\EuroStat\naio_10_cp1700.csv,realData,677.33,7315996,12,real,33011,random_forest_grid_search.pkl
2025-03-27 18:40:40,TestData/realData\EuroStat\naio_10_cp1750.csv,realData,329.82,3815272,12,real,17782,random_forest_grid_search.pkl
2025-03-27 18:40:40,TestData/realData\EuroStat\Populationbyeducationalattainment levelsexageandlevelofdisability.csv,realData,0.04,197,13,real,125,random_forest_grid_search.pkl
2025-03-27 18:40:40,TestData/fakeData\anne_car_data_2.csv,fakeData,0.04,550,12,fake,41,random_forest_grid_search.pkl
2025-03-27 18:40:40,TestData/fakeData\Artificial_Data.csv,fakeData,0.18,1000,15,fake,47,random_forest_grid_search.pkl
2025-03-27 18:40:40,TestData/fakeData\data-LzAcLkrRxo5zBlB1iAJXy.csv,fakeData,0.02,500,5,fake,33,random_forest_grid_search.pkl
2025-03-27 18:40:40,TestData/fakeData\Kaggle_Synthetic_Data.csv,fakeData,0.07,1000,9,fake,40,random_forest_grid_search.pkl
2025-03-27 18:40:40,TestData/fakeData\mackaroocom.csv,fakeData,0.06,1000,6,fake,40,random_forest_grid_search.pkl
2025-03-27 18:40:40,TestData/fakeData\random_dataset.csv,fakeData,0.01,200,8,fake,32,random_forest_grid_search.pkl
2025-03-27 18:40:40,TestData/fakeData\sdv_hotel_data.csv,fakeData,0.27,2000,11,fake,57,random_forest_grid_search.pkl
2025-03-27 18:40:40,TestData/fakeData\synthetic_city_data.csv,fakeData,0.07,1000,10,fake,38,random_forest_grid_search.pkl
2025-03-27 18:40:40,TestData/fakeData\synthetic_city_data2.csv,fakeData,0.07,1000,10,fake,37,random_forest_grid_search.pkl
2025-03-27 18:40:40,TestData/fakeData\synthetic_city_data3.csv,fakeData,0.07,1000,10,fake,38,random_forest_grid_search.pkl
2025-03-27 18:40:40,TestData/fakeData\BenfordZipsDatasets\Perfect_Benford_Dataset__10_Columns_.csv,fakeData,0.18,1000,10,fake,41,random_forest_grid_search.pkl
2025-03-27 18:40:40,TestData/fakeData\BenfordZipsDatasets\Perfect_Zipf_Dataset__10_Columns_.csv,fakeData,0.07,1000,10,fake,33,random_forest_grid_search.pkl
2025-03-27 18:40:40,TestData/fakeData\fakeStockData\table_aa.csv,fakeData,0.21,3925,7,fake,57,random_forest_grid_search.pkl
2025-03-27 18:40:40,TestData/fakeData\fakeStockData\table_aapl.csv,fakeData,0.21,3925,7,fake,56,random_forest_grid_search.pkl
2025-03-27 18:40:40,TestData/fakeData\fakeStockData\table_abc.csv,fakeData,0.21,3925,7,fake,55,random_forest_grid_search.pkl
2025-03-27 18:40:40,TestData/fakeData\fakeStockData\table_aig.csv,fakeData,0.20,3925,7,fake,53,random_forest_grid_search.pkl
2025-03-27 18:40:40,TestData/fakeData\fakeStockData\table_amzn.csv,fakeData,0.17,3925,7,fake,53,random_forest_grid_search.pkl
2025-03-27 18:40:40,TestData/fakeData\fakeStockData\table_bwa.csv,fakeData,0.21,3925,7,fake,58,random_forest_grid_search.pkl
2025-03-27 18:40:41,TestData/fakeData\fakeStockData\table_cost.csv,fakeData,0.21,3925,7,fake,57,random_forest_grid_search.pkl
2025-03-27 18:40:41,TestData/fakeData\fakeStockData\table_csco.csv,fakeData,0.21,3925,7,fake,55,random_forest_grid_search.pkl
2025-03-27 18:40:41,TestData/fakeData\fakeStockData\table_d.csv,fakeData,0.21,3925,7,fake,55,random_forest_grid_search.pkl
2025-03-27 18:40:41,TestData/fakeData\fakeStockData\table_ebay.csv,fakeData,0.17,3742,7,fake,53,random_forest_grid_search.pkl
2025-03-27 18:40:41,TestData/fakeData\fakeStockData\table_goog.csv,fakeData,0.10,2259,7,fake,43,random_forest_grid_search.pkl
