InputFile,OutputFile,EncodingUsed,SizeBytes,Rows,Columns,CleanTimeSeconds
Zwischenablage/naio_10_fcp_ii1.csv,results/result.csv,utf-8-sig,3855455603,46816501,12,338.0973
TrainingData\fakeData\anne_car_data_1.csv,TrainingData\fakeData\anne_car_data_1.csv.tmp,utf-8-sig,52909,551,12,0.0341
TrainingData\fakeData\car_price_data_generated.csv,TrainingData\fakeData\car_price_data_generated.csv.tmp,utf-8-sig,113660,1001,10,0.0413
TrainingData\fakeData\chatGPT_Benford_s_Law_Dataset.csv,TrainingData\fakeData\chatGPT_Benford_s_Law_Dataset.csv.tmp,utf-8-sig,71012,1001,10,0.0456
TrainingData\fakeData\chatGPT_fakedata_1.csv,TrainingData\fakeData\chatGPT_fakedata_1.csv.tmp,utf-8-sig,114044,1001,8,0.0441
TrainingData\fakeData\chatGPT_fakedata_2.csv,TrainingData\fakeData\chatGPT_fakedata_2.csv.tmp,utf-8-sig,114044,1001,8,0.0355
TrainingData\fakeData\chatGPT_fakedata_3.csv,TrainingData\fakeData\chatGPT_fakedata_3.csv.tmp,utf-8-sig,222999,1001,15,0.0789
TrainingData\fakeData\chatGPT_fakedata_4.csv,TrainingData\fakeData\chatGPT_fakedata_4.csv.tmp,utf-8-sig,114044,1001,8,0.0944
TrainingData\fakeData\data-kFyc2cTUki-kacHEIvy4j.csv,TrainingData\fakeData\data-kFyc2cTUki-kacHEIvy4j.csv.tmp,utf-8-sig,120897,501,17,0.0297
TrainingData\fakeData\generatedatacom.csv,TrainingData\fakeData\generatedatacom.csv.tmp,utf-8-sig,64924,501,6,0.0728
TrainingData\fakeData\kaggle_reallooking_data.csv,TrainingData\fakeData\kaggle_reallooking_data.csv.tmp,utf-8-sig,6678090,50001,11,0.7055
TrainingData\fakeData\Loan Prediction_with_errors_1.csv,TrainingData\fakeData\Loan Prediction_with_errors_1.csv.tmp,utf-8-sig,28110027,252001,14,1.4269
TrainingData\fakeData\Loan Prediction_with_errors_2.csv,TrainingData\fakeData\Loan Prediction_with_errors_2.csv.tmp,utf-8-sig,28113233,252001,14,1.1353
TrainingData\fakeData\table_hp.csv,TrainingData\fakeData\table_hp.csv.tmp,utf-8-sig,273680,3926,7,0.0769
TrainingData\fakeData\table_hpq.csv,TrainingData\fakeData\table_hpq.csv.tmp,utf-8-sig,274773,3926,7,0.0369
TrainingData\fakeData\table_ibm.csv,TrainingData\fakeData\table_ibm.csv.tmp,utf-8-sig,274766,3926,7,0.0192
TrainingData\fakeData\table_jbl.csv,TrainingData\fakeData\table_jbl.csv.tmp,utf-8-sig,272427,3926,7,0.0183
TrainingData\fakeData\table_jpm.csv,TrainingData\fakeData\table_jpm.csv.tmp,utf-8-sig,274368,3926,7,0.0349
TrainingData\fakeData\table_met.csv,TrainingData\fakeData\table_met.csv.tmp,utf-8-sig,234148,3357,7,0.0727
TrainingData\fakeData\table_nyx.csv,TrainingData\fakeData\table_nyx.csv.tmp,utf-8-sig,129668,1870,7,0.0316
TrainingData\fakeData\table_pcg.csv,TrainingData\fakeData\table_pcg.csv.tmp,utf-8-sig,272691,3926,7,0.0736
TrainingData\fakeData\table_usb.csv,TrainingData\fakeData\table_usb.csv.tmp,utf-8-sig,274361,3926,7,0.0471
TrainingData\fakeData\table_vrsn.csv,TrainingData\fakeData\table_vrsn.csv.tmp,utf-8-sig,264892,3907,7,0.0269
TrainingData\fakeData\table_yhoo.csv,TrainingData\fakeData\table_yhoo.csv.tmp,utf-8-sig,231462,3926,7,0.0593
TrainingData\fakeData\table_zmh.csv,TrainingData\fakeData\table_zmh.csv.tmp,utf-8-sig,210858,3020,7,0.0382
TrainingData\fakeData\user_behavior_dataset_with_errors_1.csv,TrainingData\fakeData\user_behavior_dataset_with_errors_1.csv.tmp,utf-8-sig,55100,701,11,0.028
TrainingData\fakeData\user_behavior_dataset_with_errors_2.csv,TrainingData\fakeData\user_behavior_dataset_with_errors_2.csv.tmp,utf-8-sig,55417,701,11,0.0298
TrainingData\fakeData\BenfordZipsDatasets\Perfect_Benford_Dataset__10_Columns_.csv,TrainingData\fakeData\BenfordZipsDatasets\Perfect_Benford_Dataset__10_Columns_.csv.tmp,utf-8-sig,204455,1001,10,0.0434
TrainingData\fakeData\BenfordZipsDatasets\Perfect_Zipf_Dataset__10_Columns_.csv,TrainingData\fakeData\BenfordZipsDatasets\Perfect_Zipf_Dataset__10_Columns_.csv.tmp,utf-8-sig,94330,1001,10,0.0328
TrainingData\realData\breast_cancer_data_cleaned.csv,TrainingData\realData\breast_cancer_data_cleaned.csv.tmp,utf-8-sig,161621,570,32,0.0278
TrainingData\realData\car_fuel_data.csv,TrainingData\realData\car_fuel_data.csv.tmp,utf-8-sig,52875,551,12,0.029
TrainingData\realData\car_price_data.csv,TrainingData\realData\car_price_data.csv.tmp,utf-8-sig,774601,10001,10,0.0716
TrainingData\realData\CD.csv,TrainingData\realData\CD.csv.tmp,utf-8-sig,942403,5721,13,0.0861
TrainingData\realData\creditcard_data_cleaned.csv,TrainingData\realData\creditcard_data_cleaned.csv.tmp,utf-8-sig,168201980,284808,31,5.313
TrainingData\realData\Global_Cybersecurity_Threats_2015-2024.csv,TrainingData\realData\Global_Cybersecurity_Threats_2015-2024.csv.tmp,utf-8-sig,314300,3001,10,0.0299
TrainingData\realData\horse_data.csv,TrainingData\realData\horse_data.csv.tmp,utf-8-sig,42367,301,28,0.0291
TrainingData\realData\iris_data.csv,TrainingData\realData\iris_data.csv.tmp,utf-8-sig,6221,151,5,0.0164
TrainingData\realData\Loan Prediction_original.csv,TrainingData\realData\Loan Prediction_original.csv.tmp,utf-8-sig,28178155,252001,14,1.4861
TrainingData\realData\pokemon_data.csv,TrainingData\realData\pokemon_data.csv.tmp,utf-8-sig,97341,906,12,0.0503
TrainingData\realData\spotify_2023.csv,TrainingData\realData\spotify_2023.csv.tmp,utf-8-sig,152212,954,24,0.401
TrainingData\realData\students_grading_data.csv,TrainingData\realData\students_grading_data.csv.tmp,utf-8-sig,936120,5001,23,0.5417
TrainingData\realData\students_performance_data_cleaned.csv,TrainingData\realData\students_performance_data_cleaned.csv.tmp,utf-8-sig,73037,1001,8,0.0921
TrainingData\realData\user_behavior_dataset_original.csv,TrainingData\realData\user_behavior_dataset_original.csv.tmp,utf-8-sig,55001,701,11,0.0871
TrainingData\realData\winequality-red.csv,TrainingData\realData\winequality-red.csv.tmp,utf-8-sig,140951,1600,12,0.0372
TrainingData\realData\cvap\BlockGr.csv,TrainingData\realData\cvap\BlockGr.csv.tmp,utf-8-sig,269237786,1823150,11,11.4814
TrainingData\realData\cvap\CD.csv,TrainingData\realData\cvap\CD.csv.tmp,utf-8-sig,942403,5721,13,0.0748
TrainingData\realData\cvap\County.csv,TrainingData\realData\cvap\County.csv.tmp,utf-8-sig,2961655,23395,13,0.2194
TrainingData\realData\cvap\MCD.csv,TrainingData\realData\cvap\MCD.csv.tmp,utf-8-sig,23092169,156599,14,2.7614
TrainingData\realData\cvap\Nation.csv,TrainingData\realData\cvap\Nation.csv.tmp,utf-8-sig,1906,14,12,0.0207
TrainingData\realData\cvap\Place.csv,TrainingData\realData\cvap\Place.csv.tmp,utf-8-sig,4465273,35870,13,0.7177
TrainingData\realData\cvap\SLDLC.csv,TrainingData\realData\cvap\SLDLC.csv.tmp,utf-8-sig,9355566,63441,13,1.0505
TrainingData\realData\cvap\SLDUC.csv,TrainingData\realData\cvap\SLDUC.csv.tmp,utf-8-sig,3844856,25533,13,0.1843
TrainingData\realData\cvap\State.csv,TrainingData\realData\cvap\State.csv.tmp,utf-8-sig,82299,677,12,0.0322
TrainingData\realData\cvap\Tract.csv,TrainingData\realData\cvap\Tract.csv.tmp,utf-8-sig,84370211,641434,10,3.9714
TrainingData\realData\EuroStat\demo_divcb.csv,TrainingData\realData\EuroStat\demo_divcb.csv.tmp,utf-8-sig,600635,5934,11,0.0452
TrainingData\realData\EuroStat\demo_divcz.csv,TrainingData\realData\EuroStat\demo_divcz.csv.tmp,utf-8-sig,1302599,13015,11,0.0556
TrainingData\realData\EuroStat\demo_fabort.csv,TrainingData\realData\EuroStat\demo_fabort.csv.tmp,utf-8-sig,752870,7992,10,0.0552
TrainingData\realData\EuroStat\demo_fabortind.csv,TrainingData\realData\EuroStat\demo_fabortind.csv.tmp,utf-8-sig,49914,503,10,0.0267
TrainingData\realData\EuroStat\demo_fabortord.csv,TrainingData\realData\EuroStat\demo_fabortord.csv.tmp,utf-8-sig,2475465,24497,11,0.1933
TrainingData\realData\EuroStat\demo_facbc.csv,TrainingData\realData\EuroStat\demo_facbc.csv.tmp,utf-8-sig,14430075,145475,11,0.914
TrainingData\realData\EuroStat\demo_faczc.csv,TrainingData\realData\EuroStat\demo_faczc.csv.tmp,utf-8-sig,18189283,184589,11,2.6007
TrainingData\realData\EuroStat\demo_faeduc.csv,TrainingData\realData\EuroStat\demo_faeduc.csv.tmp,utf-8-sig,7836042,79530,11,0.4339
TrainingData\realData\EuroStat\demo_faemplc.csv,TrainingData\realData\EuroStat\demo_faemplc.csv.tmp,utf-8-sig,5150722,51719,11,0.8127
TrainingData\realData\EuroStat\demo_fagec.csv,TrainingData\realData\EuroStat\demo_fagec.csv.tmp,utf-8-sig,30193969,307414,11,1.5603
TrainingData\realData\EuroStat\demo_fager.csv,TrainingData\realData\EuroStat\demo_fager.csv.tmp,utf-8-sig,27352686,279331,11,1.403
TrainingData\realData\EuroStat\demo_fasec.csv,TrainingData\realData\EuroStat\demo_fasec.csv.tmp,utf-8-sig,10802309,112974,11,0.4908
TrainingData\realData\EuroStat\demo_find.csv,TrainingData\realData\EuroStat\demo_find.csv.tmp,utf-8-sig,1602044,17569,9,0.1321
TrainingData\realData\EuroStat\demo_fmonth.csv,TrainingData\realData\EuroStat\demo_fmonth.csv.tmp,utf-8-sig,2835866,30519,10,0.2615
TrainingData\realData\EuroStat\demo_fordagec.csv,TrainingData\realData\EuroStat\demo_fordagec.csv.tmp,utf-8-sig,32393710,327883,11,2.6339
TrainingData\realData\EuroStat\demo_fordager.csv,TrainingData\realData\EuroStat\demo_fordager.csv.tmp,utf-8-sig,31682150,320507,11,1.3115
TrainingData\realData\EuroStat\demo_frate.csv,TrainingData\realData\EuroStat\demo_frate.csv.tmp,utf-8-sig,9627224,91724,11,0.7496
TrainingData\realData\EuroStat\demo_fweight.csv,TrainingData\realData\EuroStat\demo_fweight.csv.tmp,utf-8-sig,6227007,60736,11,0.2607
TrainingData\realData\EuroStat\demo_gind.csv,TrainingData\realData\EuroStat\demo_gind.csv.tmp,utf-8-sig,5633799,62731,9,0.2495
TrainingData\realData\EuroStat\demo_macbc.csv,TrainingData\realData\EuroStat\demo_macbc.csv.tmp,utf-8-sig,96289057,946902,12,4.1705
TrainingData\realData\EuroStat\demo_maczc.csv,TrainingData\realData\EuroStat\demo_maczc.csv.tmp,utf-8-sig,123657768,1222284,12,5.8867
TrainingData\realData\EuroStat\demo_maeduc.csv,TrainingData\realData\EuroStat\demo_maeduc.csv.tmp,utf-8-sig,60748233,599422,12,2.7363
TrainingData\realData\EuroStat\demo_magec.csv,TrainingData\realData\EuroStat\demo_magec.csv.tmp,utf-8-sig,61228418,650476,11,2.6056
TrainingData\realData\EuroStat\demo_mager.csv,TrainingData\realData\EuroStat\demo_mager.csv.tmp,utf-8-sig,51239479,544183,11,2.1185
TrainingData\realData\EuroStat\demo_marcb.csv,TrainingData\realData\EuroStat\demo_marcb.csv.tmp,utf-8-sig,889227,8733,11,0.0664
TrainingData\fakeData\anne_car_data_1.csv,TrainingData\fakeData\anne_car_data_1.csv.tmp,utf-8-sig,52909,551,12,0.0272
TrainingData\fakeData\car_price_data_generated.csv,TrainingData\fakeData\car_price_data_generated.csv.tmp,utf-8-sig,113660,1001,10,0.0049
TrainingData\fakeData\chatGPT_Benford_s_Law_Dataset.csv,TrainingData\fakeData\chatGPT_Benford_s_Law_Dataset.csv.tmp,utf-8-sig,71012,1001,10,0.0038
TrainingData\fakeData\chatGPT_fakedata_1.csv,TrainingData\fakeData\chatGPT_fakedata_1.csv.tmp,utf-8-sig,114044,1001,8,0.0045
TrainingData\fakeData\chatGPT_fakedata_2.csv,TrainingData\fakeData\chatGPT_fakedata_2.csv.tmp,utf-8-sig,114044,1001,8,0.0042
TrainingData\fakeData\chatGPT_fakedata_3.csv,TrainingData\fakeData\chatGPT_fakedata_3.csv.tmp,utf-8-sig,222999,1001,15,0.007
TrainingData\fakeData\chatGPT_fakedata_4.csv,TrainingData\fakeData\chatGPT_fakedata_4.csv.tmp,utf-8-sig,114044,1001,8,0.0039
TrainingData\fakeData\data-kFyc2cTUki-kacHEIvy4j.csv,TrainingData\fakeData\data-kFyc2cTUki-kacHEIvy4j.csv.tmp,utf-8-sig,120897,501,17,0.0046
TrainingData\fakeData\generatedatacom.csv,TrainingData\fakeData\generatedatacom.csv.tmp,utf-8-sig,64924,501,6,0.0026
TrainingData\fakeData\kaggle_reallooking_data.csv,TrainingData\fakeData\kaggle_reallooking_data.csv.tmp,utf-8-sig,6678090,50001,11,0.2265
TrainingData\fakeData\Loan Prediction_with_errors_1.csv,TrainingData\fakeData\Loan Prediction_with_errors_1.csv.tmp,utf-8-sig,28110027,252001,14,1.1163
TrainingData\fakeData\Loan Prediction_with_errors_2.csv,TrainingData\fakeData\Loan Prediction_with_errors_2.csv.tmp,utf-8-sig,28113233,252001,14,1.1214
TrainingData\fakeData\table_hp.csv,TrainingData\fakeData\table_hp.csv.tmp,utf-8-sig,273680,3926,7,0.0089
TrainingData\fakeData\table_hpq.csv,TrainingData\fakeData\table_hpq.csv.tmp,utf-8-sig,274773,3926,7,0.0103
TrainingData\fakeData\table_ibm.csv,TrainingData\fakeData\table_ibm.csv.tmp,utf-8-sig,274766,3926,7,0.0099
TrainingData\fakeData\table_jbl.csv,TrainingData\fakeData\table_jbl.csv.tmp,utf-8-sig,272427,3926,7,0.0098
TrainingData\fakeData\table_jpm.csv,TrainingData\fakeData\table_jpm.csv.tmp,utf-8-sig,274368,3926,7,0.0098
TrainingData\fakeData\table_met.csv,TrainingData\fakeData\table_met.csv.tmp,utf-8-sig,234148,3357,7,0.0085
TrainingData\fakeData\table_nyx.csv,TrainingData\fakeData\table_nyx.csv.tmp,utf-8-sig,129668,1870,7,0.0049
TrainingData\fakeData\table_pcg.csv,TrainingData\fakeData\table_pcg.csv.tmp,utf-8-sig,272691,3926,7,0.0099
TrainingData\fakeData\table_usb.csv,TrainingData\fakeData\table_usb.csv.tmp,utf-8-sig,274361,3926,7,0.0098
TrainingData\fakeData\table_vrsn.csv,TrainingData\fakeData\table_vrsn.csv.tmp,utf-8-sig,264892,3907,7,0.0096
TrainingData\fakeData\table_yhoo.csv,TrainingData\fakeData\table_yhoo.csv.tmp,utf-8-sig,231462,3926,7,0.0091
TrainingData\fakeData\table_zmh.csv,TrainingData\fakeData\table_zmh.csv.tmp,utf-8-sig,210858,3020,7,0.0077
TrainingData\fakeData\user_behavior_dataset_with_errors_1.csv,TrainingData\fakeData\user_behavior_dataset_with_errors_1.csv.tmp,utf-8-sig,55100,701,11,0.0031
TrainingData\fakeData\user_behavior_dataset_with_errors_2.csv,TrainingData\fakeData\user_behavior_dataset_with_errors_2.csv.tmp,utf-8-sig,55417,701,11,0.0027
TrainingData\fakeData\BenfordZipsDatasets\Perfect_Benford_Dataset__10_Columns_.csv,TrainingData\fakeData\BenfordZipsDatasets\Perfect_Benford_Dataset__10_Columns_.csv.tmp,utf-8-sig,204455,1001,10,0.0062
TrainingData\fakeData\BenfordZipsDatasets\Perfect_Zipf_Dataset__10_Columns_.csv,TrainingData\fakeData\BenfordZipsDatasets\Perfect_Zipf_Dataset__10_Columns_.csv.tmp,utf-8-sig,94330,1001,10,0.0039
TrainingData\realData\breast_cancer_data_cleaned.csv,TrainingData\realData\breast_cancer_data_cleaned.csv.tmp,utf-8-sig,161621,570,32,0.0058
TrainingData\realData\car_fuel_data.csv,TrainingData\realData\car_fuel_data.csv.tmp,utf-8-sig,52875,551,12,0.0027
TrainingData\realData\car_price_data.csv,TrainingData\realData\car_price_data.csv.tmp,utf-8-sig,774601,10001,10,0.0309
TrainingData\realData\CD.csv,TrainingData\realData\CD.csv.tmp,utf-8-sig,942403,5721,13,0.0291
TrainingData\realData\creditcard_data_cleaned.csv,TrainingData\realData\creditcard_data_cleaned.csv.tmp,utf-8-sig,168201980,284808,31,4.3852
TrainingData\realData\Global_Cybersecurity_Threats_2015-2024.csv,TrainingData\realData\Global_Cybersecurity_Threats_2015-2024.csv.tmp,utf-8-sig,314300,3001,10,0.0113
TrainingData\realData\horse_data.csv,TrainingData\realData\horse_data.csv.tmp,utf-8-sig,42367,301,28,0.0026
TrainingData\realData\iris_data.csv,TrainingData\realData\iris_data.csv.tmp,utf-8-sig,6221,151,5,0.0012
TrainingData\realData\Loan Prediction_original.csv,TrainingData\realData\Loan Prediction_original.csv.tmp,utf-8-sig,28178155,252001,14,1.039
TrainingData\realData\pokemon_data.csv,TrainingData\realData\pokemon_data.csv.tmp,utf-8-sig,97341,906,12,0.0043
TrainingData\realData\spotify_2023.csv,TrainingData\realData\spotify_2023.csv.tmp,utf-8-sig,152212,954,24,0.0068
TrainingData\realData\students_grading_data.csv,TrainingData\realData\students_grading_data.csv.tmp,utf-8-sig,936120,5001,23,0.0324
TrainingData\realData\students_performance_data_cleaned.csv,TrainingData\realData\students_performance_data_cleaned.csv.tmp,utf-8-sig,73037,1001,8,0.0033
TrainingData\realData\user_behavior_dataset_original.csv,TrainingData\realData\user_behavior_dataset_original.csv.tmp,utf-8-sig,55001,701,11,0.0029
TrainingData\realData\winequality-red.csv,TrainingData\realData\winequality-red.csv.tmp,utf-8-sig,140951,1600,12,0.006
TrainingData\realData\cvap\BlockGr.csv,TrainingData\realData\cvap\BlockGr.csv.tmp,utf-8-sig,269237786,1823150,11,8.934
TrainingData\realData\cvap\CD.csv,TrainingData\realData\cvap\CD.csv.tmp,utf-8-sig,942403,5721,13,0.0276
TrainingData\realData\cvap\County.csv,TrainingData\realData\cvap\County.csv.tmp,utf-8-sig,2961655,23395,13,0.0927
TrainingData\realData\cvap\MCD.csv,TrainingData\realData\cvap\MCD.csv.tmp,utf-8-sig,23092169,156599,14,0.7169
TrainingData\realData\cvap\Nation.csv,TrainingData\realData\cvap\Nation.csv.tmp,utf-8-sig,1906,14,12,0.0007
TrainingData\realData\cvap\Place.csv,TrainingData\realData\cvap\Place.csv.tmp,utf-8-sig,4465273,35870,13,0.1383
TrainingData\realData\cvap\SLDLC.csv,TrainingData\realData\cvap\SLDLC.csv.tmp,utf-8-sig,9355566,63441,13,0.2834
TrainingData\realData\cvap\SLDUC.csv,TrainingData\realData\cvap\SLDUC.csv.tmp,utf-8-sig,3844856,25533,13,0.1089
TrainingData\realData\cvap\State.csv,TrainingData\realData\cvap\State.csv.tmp,utf-8-sig,82299,677,12,0.0031
TrainingData\realData\cvap\Tract.csv,TrainingData\realData\cvap\Tract.csv.tmp,utf-8-sig,84370211,641434,10,2.6791
TrainingData\realData\EuroStat\demo_divcb.csv,TrainingData\realData\EuroStat\demo_divcb.csv.tmp,utf-8-sig,600635,5934,11,0.0189
TrainingData\realData\EuroStat\demo_divcz.csv,TrainingData\realData\EuroStat\demo_divcz.csv.tmp,utf-8-sig,1302599,13015,11,0.0499
TrainingData\realData\EuroStat\demo_fabort.csv,TrainingData\realData\EuroStat\demo_fabort.csv.tmp,utf-8-sig,752870,7992,10,0.0253
TrainingData\realData\EuroStat\demo_fabortind.csv,TrainingData\realData\EuroStat\demo_fabortind.csv.tmp,utf-8-sig,49914,503,10,0.0025
TrainingData\realData\EuroStat\demo_fabortord.csv,TrainingData\realData\EuroStat\demo_fabortord.csv.tmp,utf-8-sig,2475465,24497,11,0.0803
TrainingData\realData\EuroStat\demo_facbc.csv,TrainingData\realData\EuroStat\demo_facbc.csv.tmp,utf-8-sig,14430075,145475,11,0.5252
TrainingData\realData\EuroStat\demo_faczc.csv,TrainingData\realData\EuroStat\demo_faczc.csv.tmp,utf-8-sig,18189283,184589,11,0.5941
TrainingData\realData\EuroStat\demo_faeduc.csv,TrainingData\realData\EuroStat\demo_faeduc.csv.tmp,utf-8-sig,7836042,79530,11,0.2484
TrainingData\realData\EuroStat\demo_faemplc.csv,TrainingData\realData\EuroStat\demo_faemplc.csv.tmp,utf-8-sig,5150722,51719,11,0.1733
TrainingData\realData\EuroStat\demo_fagec.csv,TrainingData\realData\EuroStat\demo_fagec.csv.tmp,utf-8-sig,30193969,307414,11,1.0242
TrainingData\realData\EuroStat\demo_fager.csv,TrainingData\realData\EuroStat\demo_fager.csv.tmp,utf-8-sig,27352686,279331,11,0.9136
TrainingData\realData\EuroStat\demo_fasec.csv,TrainingData\realData\EuroStat\demo_fasec.csv.tmp,utf-8-sig,10802309,112974,11,0.3533
TrainingData\realData\EuroStat\demo_find.csv,TrainingData\realData\EuroStat\demo_find.csv.tmp,utf-8-sig,1602044,17569,9,0.0522
TrainingData\realData\EuroStat\demo_fmonth.csv,TrainingData\realData\EuroStat\demo_fmonth.csv.tmp,utf-8-sig,2835866,30519,10,0.0897
TrainingData\realData\EuroStat\demo_fordagec.csv,TrainingData\realData\EuroStat\demo_fordagec.csv.tmp,utf-8-sig,32393710,327883,11,1.1189
TrainingData\realData\EuroStat\demo_fordager.csv,TrainingData\realData\EuroStat\demo_fordager.csv.tmp,utf-8-sig,31682150,320507,11,1.1065
TrainingData\realData\EuroStat\demo_frate.csv,TrainingData\realData\EuroStat\demo_frate.csv.tmp,utf-8-sig,9627224,91724,11,0.3347
TrainingData\realData\EuroStat\demo_fweight.csv,TrainingData\realData\EuroStat\demo_fweight.csv.tmp,utf-8-sig,6227007,60736,11,0.2334
TrainingData\realData\EuroStat\demo_gind.csv,TrainingData\realData\EuroStat\demo_gind.csv.tmp,utf-8-sig,5633799,62731,9,0.187
TrainingData\realData\EuroStat\demo_macbc.csv,TrainingData\realData\EuroStat\demo_macbc.csv.tmp,utf-8-sig,96289057,946902,12,3.4473
TrainingData\realData\EuroStat\demo_maczc.csv,TrainingData\realData\EuroStat\demo_maczc.csv.tmp,utf-8-sig,123657768,1222284,12,4.6313
TrainingData\realData\EuroStat\demo_maeduc.csv,TrainingData\realData\EuroStat\demo_maeduc.csv.tmp,utf-8-sig,60748233,599422,12,2.153
TrainingData\realData\EuroStat\demo_magec.csv,TrainingData\realData\EuroStat\demo_magec.csv.tmp,utf-8-sig,61228418,650476,11,2.1283
TrainingData\realData\EuroStat\demo_mager.csv,TrainingData\realData\EuroStat\demo_mager.csv.tmp,utf-8-sig,51239479,544183,11,1.7587
TrainingData\realData\EuroStat\demo_marcb.csv,TrainingData\realData\EuroStat\demo_marcb.csv.tmp,utf-8-sig,889227,8733,11,0.0282
TrainingData\fakeData\anne_car_data_1.csv,TrainingData\fakeData\anne_car_data_1.csv.tmp,utf-8-sig,52909,551,12,0.0124
TrainingData\fakeData\car_price_data_generated.csv,TrainingData\fakeData\car_price_data_generated.csv.tmp,utf-8-sig,113660,1001,10,0.0049
TrainingData\fakeData\chatGPT_Benford_s_Law_Dataset.csv,TrainingData\fakeData\chatGPT_Benford_s_Law_Dataset.csv.tmp,utf-8-sig,71012,1001,10,0.0037
TrainingData\fakeData\chatGPT_fakedata_1.csv,TrainingData\fakeData\chatGPT_fakedata_1.csv.tmp,utf-8-sig,114044,1001,8,0.0041
TrainingData\fakeData\chatGPT_fakedata_2.csv,TrainingData\fakeData\chatGPT_fakedata_2.csv.tmp,utf-8-sig,114044,1001,8,0.0042
TrainingData\fakeData\chatGPT_fakedata_3.csv,TrainingData\fakeData\chatGPT_fakedata_3.csv.tmp,utf-8-sig,222999,1001,15,0.0069
TrainingData\fakeData\chatGPT_fakedata_4.csv,TrainingData\fakeData\chatGPT_fakedata_4.csv.tmp,utf-8-sig,114044,1001,8,0.004
TrainingData\fakeData\data-kFyc2cTUki-kacHEIvy4j.csv,TrainingData\fakeData\data-kFyc2cTUki-kacHEIvy4j.csv.tmp,utf-8-sig,120897,501,17,0.0062
TrainingData\fakeData\generatedatacom.csv,TrainingData\fakeData\generatedatacom.csv.tmp,utf-8-sig,64924,501,6,0.0026
TrainingData\fakeData\kaggle_reallooking_data.csv,TrainingData\fakeData\kaggle_reallooking_data.csv.tmp,utf-8-sig,6678090,50001,11,0.2522
TrainingData\fakeData\Loan Prediction_with_errors_1.csv,TrainingData\fakeData\Loan Prediction_with_errors_1.csv.tmp,utf-8-sig,28110027,252001,14,1.1349
TrainingData\fakeData\Loan Prediction_with_errors_2.csv,TrainingData\fakeData\Loan Prediction_with_errors_2.csv.tmp,utf-8-sig,28113233,252001,14,1.0697
TrainingData\fakeData\table_hp.csv,TrainingData\fakeData\table_hp.csv.tmp,utf-8-sig,273680,3926,7,0.0103
TrainingData\fakeData\table_hpq.csv,TrainingData\fakeData\table_hpq.csv.tmp,utf-8-sig,274773,3926,7,0.0109
TrainingData\fakeData\table_ibm.csv,TrainingData\fakeData\table_ibm.csv.tmp,utf-8-sig,274766,3926,7,0.0102
TrainingData\fakeData\table_jbl.csv,TrainingData\fakeData\table_jbl.csv.tmp,utf-8-sig,272427,3926,7,0.0104
TrainingData\fakeData\table_jpm.csv,TrainingData\fakeData\table_jpm.csv.tmp,utf-8-sig,274368,3926,7,0.0109
TrainingData\fakeData\table_met.csv,TrainingData\fakeData\table_met.csv.tmp,utf-8-sig,234148,3357,7,0.0093
TrainingData\fakeData\table_nyx.csv,TrainingData\fakeData\table_nyx.csv.tmp,utf-8-sig,129668,1870,7,0.0056
TrainingData\fakeData\table_pcg.csv,TrainingData\fakeData\table_pcg.csv.tmp,utf-8-sig,272691,3926,7,0.0106
TrainingData\fakeData\table_usb.csv,TrainingData\fakeData\table_usb.csv.tmp,utf-8-sig,274361,3926,7,0.0103
TrainingData\fakeData\table_vrsn.csv,TrainingData\fakeData\table_vrsn.csv.tmp,utf-8-sig,264892,3907,7,0.0119
TrainingData\fakeData\table_yhoo.csv,TrainingData\fakeData\table_yhoo.csv.tmp,utf-8-sig,231462,3926,7,0.0096
TrainingData\fakeData\table_zmh.csv,TrainingData\fakeData\table_zmh.csv.tmp,utf-8-sig,210858,3020,7,0.0105
TrainingData\fakeData\user_behavior_dataset_with_errors_1.csv,TrainingData\fakeData\user_behavior_dataset_with_errors_1.csv.tmp,utf-8-sig,55100,701,11,0.0029
TrainingData\fakeData\user_behavior_dataset_with_errors_2.csv,TrainingData\fakeData\user_behavior_dataset_with_errors_2.csv.tmp,utf-8-sig,55417,701,11,0.0044
TrainingData\fakeData\BenfordZipsDatasets\Perfect_Benford_Dataset__10_Columns_.csv,TrainingData\fakeData\BenfordZipsDatasets\Perfect_Benford_Dataset__10_Columns_.csv.tmp,utf-8-sig,204455,1001,10,0.0061
TrainingData\fakeData\BenfordZipsDatasets\Perfect_Zipf_Dataset__10_Columns_.csv,TrainingData\fakeData\BenfordZipsDatasets\Perfect_Zipf_Dataset__10_Columns_.csv.tmp,utf-8-sig,94330,1001,10,0.0042
TrainingData\fakeData\anne_car_data_1.csv,TrainingData\fakeData\anne_car_data_1.csv.tmp,utf-8-sig,52909,551,12,0.0026
TrainingData\fakeData\car_price_data_generated.csv,TrainingData\fakeData\car_price_data_generated.csv.tmp,utf-8-sig,113660,1001,10,0.0042
TrainingData\fakeData\chatGPT_Benford_s_Law_Dataset.csv,TrainingData\fakeData\chatGPT_Benford_s_Law_Dataset.csv.tmp,utf-8-sig,71012,1001,10,0.0032
TrainingData\fakeData\chatGPT_fakedata_1.csv,TrainingData\fakeData\chatGPT_fakedata_1.csv.tmp,utf-8-sig,114044,1001,8,0.0038
TrainingData\fakeData\chatGPT_fakedata_2.csv,TrainingData\fakeData\chatGPT_fakedata_2.csv.tmp,utf-8-sig,114044,1001,8,0.004
TrainingData\fakeData\chatGPT_fakedata_3.csv,TrainingData\fakeData\chatGPT_fakedata_3.csv.tmp,utf-8-sig,222999,1001,15,0.0064
TrainingData\fakeData\chatGPT_fakedata_4.csv,TrainingData\fakeData\chatGPT_fakedata_4.csv.tmp,utf-8-sig,114044,1001,8,0.0038
TrainingData\fakeData\data-kFyc2cTUki-kacHEIvy4j.csv,TrainingData\fakeData\data-kFyc2cTUki-kacHEIvy4j.csv.tmp,utf-8-sig,120897,501,17,0.0043
TrainingData\fakeData\generatedatacom.csv,TrainingData\fakeData\generatedatacom.csv.tmp,utf-8-sig,64924,501,6,0.0026
TrainingData\fakeData\kaggle_reallooking_data.csv,TrainingData\fakeData\kaggle_reallooking_data.csv.tmp,utf-8-sig,6678090,50001,11,0.2118
TrainingData\fakeData\Loan Prediction_with_errors_1.csv,TrainingData\fakeData\Loan Prediction_with_errors_1.csv.tmp,utf-8-sig,28110027,252001,14,0.9973
TrainingData\fakeData\Loan Prediction_with_errors_2.csv,TrainingData\fakeData\Loan Prediction_with_errors_2.csv.tmp,utf-8-sig,28113233,252001,14,0.982
TrainingData\fakeData\table_hp.csv,TrainingData\fakeData\table_hp.csv.tmp,utf-8-sig,273680,3926,7,0.0244
TrainingData\fakeData\table_hpq.csv,TrainingData\fakeData\table_hpq.csv.tmp,utf-8-sig,274773,3926,7,0.0165
TrainingData\fakeData\table_ibm.csv,TrainingData\fakeData\table_ibm.csv.tmp,utf-8-sig,274766,3926,7,0.0223
TrainingData\fakeData\table_jbl.csv,TrainingData\fakeData\table_jbl.csv.tmp,utf-8-sig,272427,3926,7,0.0164
TrainingData\fakeData\table_jpm.csv,TrainingData\fakeData\table_jpm.csv.tmp,utf-8-sig,274368,3926,7,0.0163
TrainingData\fakeData\table_met.csv,TrainingData\fakeData\table_met.csv.tmp,utf-8-sig,234148,3357,7,0.015
TrainingData\fakeData\table_nyx.csv,TrainingData\fakeData\table_nyx.csv.tmp,utf-8-sig,129668,1870,7,0.0114
TrainingData\fakeData\table_pcg.csv,TrainingData\fakeData\table_pcg.csv.tmp,utf-8-sig,272691,3926,7,0.0163
TrainingData\fakeData\table_usb.csv,TrainingData\fakeData\table_usb.csv.tmp,utf-8-sig,274361,3926,7,0.016
TrainingData\fakeData\table_vrsn.csv,TrainingData\fakeData\table_vrsn.csv.tmp,utf-8-sig,264892,3907,7,0.0193
TrainingData\fakeData\table_yhoo.csv,TrainingData\fakeData\table_yhoo.csv.tmp,utf-8-sig,231462,3926,7,0.0157
TrainingData\fakeData\table_zmh.csv,TrainingData\fakeData\table_zmh.csv.tmp,utf-8-sig,210858,3020,7,0.0149
TrainingData\fakeData\user_behavior_dataset_with_errors_1.csv,TrainingData\fakeData\user_behavior_dataset_with_errors_1.csv.tmp,utf-8-sig,55100,701,11,0.01
TrainingData\fakeData\user_behavior_dataset_with_errors_2.csv,TrainingData\fakeData\user_behavior_dataset_with_errors_2.csv.tmp,utf-8-sig,55417,701,11,0.0089
TrainingData\fakeData\BenfordZipsDatasets\Perfect_Benford_Dataset__10_Columns_.csv,TrainingData\fakeData\BenfordZipsDatasets\Perfect_Benford_Dataset__10_Columns_.csv.tmp,utf-8-sig,204455,1001,10,0.0218
TrainingData\fakeData\BenfordZipsDatasets\Perfect_Zipf_Dataset__10_Columns_.csv,TrainingData\fakeData\BenfordZipsDatasets\Perfect_Zipf_Dataset__10_Columns_.csv.tmp,utf-8-sig,94330,1001,10,0.0107
TrainingData\fakeData\anne_car_data_1.csv,TrainingData\fakeData\anne_car_data_1.csv.tmp,utf-8-sig,52909,551,12,0.0027
TrainingData\fakeData\car_price_data_generated.csv,TrainingData\fakeData\car_price_data_generated.csv.tmp,utf-8-sig,113660,1001,10,0.0041
TrainingData\fakeData\chatGPT_Benford_s_Law_Dataset.csv,TrainingData\fakeData\chatGPT_Benford_s_Law_Dataset.csv.tmp,utf-8-sig,71012,1001,10,0.0033
TrainingData\fakeData\chatGPT_fakedata_1.csv,TrainingData\fakeData\chatGPT_fakedata_1.csv.tmp,utf-8-sig,114044,1001,8,0.0037
TrainingData\fakeData\chatGPT_fakedata_2.csv,TrainingData\fakeData\chatGPT_fakedata_2.csv.tmp,utf-8-sig,114044,1001,8,0.0039
TrainingData\fakeData\chatGPT_fakedata_3.csv,TrainingData\fakeData\chatGPT_fakedata_3.csv.tmp,utf-8-sig,222999,1001,15,0.0063
TrainingData\fakeData\chatGPT_fakedata_4.csv,TrainingData\fakeData\chatGPT_fakedata_4.csv.tmp,utf-8-sig,114044,1001,8,0.0039
TrainingData\fakeData\data-kFyc2cTUki-kacHEIvy4j.csv,TrainingData\fakeData\data-kFyc2cTUki-kacHEIvy4j.csv.tmp,utf-8-sig,120897,501,17,0.0044
TrainingData\fakeData\generatedatacom.csv,TrainingData\fakeData\generatedatacom.csv.tmp,utf-8-sig,64924,501,6,0.0024
TrainingData\fakeData\kaggle_reallooking_data.csv,TrainingData\fakeData\kaggle_reallooking_data.csv.tmp,utf-8-sig,6678090,50001,11,0.2188
TrainingData\fakeData\Loan Prediction_with_errors_1.csv,TrainingData\fakeData\Loan Prediction_with_errors_1.csv.tmp,utf-8-sig,28110027,252001,14,1.0228
TrainingData\fakeData\Loan Prediction_with_errors_2.csv,TrainingData\fakeData\Loan Prediction_with_errors_2.csv.tmp,utf-8-sig,28113233,252001,14,0.9976
TrainingData\fakeData\table_hp.csv,TrainingData\fakeData\table_hp.csv.tmp,utf-8-sig,273680,3926,7,0.0088
TrainingData\fakeData\table_hpq.csv,TrainingData\fakeData\table_hpq.csv.tmp,utf-8-sig,274773,3926,7,0.0093
TrainingData\fakeData\table_ibm.csv,TrainingData\fakeData\table_ibm.csv.tmp,utf-8-sig,274766,3926,7,0.0095
TrainingData\fakeData\table_jbl.csv,TrainingData\fakeData\table_jbl.csv.tmp,utf-8-sig,272427,3926,7,0.0092
TrainingData\fakeData\table_jpm.csv,TrainingData\fakeData\table_jpm.csv.tmp,utf-8-sig,274368,3926,7,0.0088
TrainingData\fakeData\table_met.csv,TrainingData\fakeData\table_met.csv.tmp,utf-8-sig,234148,3357,7,0.0079
TrainingData\fakeData\table_nyx.csv,TrainingData\fakeData\table_nyx.csv.tmp,utf-8-sig,129668,1870,7,0.0048
TrainingData\fakeData\table_pcg.csv,TrainingData\fakeData\table_pcg.csv.tmp,utf-8-sig,272691,3926,7,0.0095
TrainingData\fakeData\table_usb.csv,TrainingData\fakeData\table_usb.csv.tmp,utf-8-sig,274361,3926,7,0.0092
TrainingData\fakeData\table_vrsn.csv,TrainingData\fakeData\table_vrsn.csv.tmp,utf-8-sig,264892,3907,7,0.009
TrainingData\fakeData\table_yhoo.csv,TrainingData\fakeData\table_yhoo.csv.tmp,utf-8-sig,231462,3926,7,0.0086
TrainingData\fakeData\table_zmh.csv,TrainingData\fakeData\table_zmh.csv.tmp,utf-8-sig,210858,3020,7,0.0073
TrainingData\fakeData\user_behavior_dataset_with_errors_1.csv,TrainingData\fakeData\user_behavior_dataset_with_errors_1.csv.tmp,utf-8-sig,55100,701,11,0.0025
TrainingData\fakeData\user_behavior_dataset_with_errors_2.csv,TrainingData\fakeData\user_behavior_dataset_with_errors_2.csv.tmp,utf-8-sig,55417,701,11,0.0025
TrainingData\fakeData\BenfordZipsDatasets\Perfect_Benford_Dataset__10_Columns_.csv,TrainingData\fakeData\BenfordZipsDatasets\Perfect_Benford_Dataset__10_Columns_.csv.tmp,utf-8-sig,204455,1001,10,0.0056
TrainingData\fakeData\BenfordZipsDatasets\Perfect_Zipf_Dataset__10_Columns_.csv,TrainingData\fakeData\BenfordZipsDatasets\Perfect_Zipf_Dataset__10_Columns_.csv.tmp,utf-8-sig,94330,1001,10,0.0103
TrainingData\realData\breast_cancer_data_cleaned.csv,TrainingData\realData\breast_cancer_data_cleaned.csv.tmp,utf-8-sig,161621,570,32,0.0058
TrainingData\realData\car_fuel_data.csv,TrainingData\realData\car_fuel_data.csv.tmp,utf-8-sig,52875,551,12,0.0026
TrainingData\realData\car_price_data.csv,TrainingData\realData\car_price_data.csv.tmp,utf-8-sig,774601,10001,10,0.0277
TrainingData\realData\CD.csv,TrainingData\realData\CD.csv.tmp,utf-8-sig,942403,5721,13,0.0301
TrainingData/fakeData/anne_car_data_1.csv,results/result.csv,utf-8-sig,52909,551,12,0.414
TrainingData/fakeData/anne_car_data_1.csv,results/result.csv,utf-8-sig,52909,551,12,0.0942
TrainingData/fakeData/anne_car_data_1.csv,results/result.csv,utf-8-sig,52909,551,12,0.0029
TrainingData/fakeData/anne_car_data_1.csv,results/result.csv,utf-8-sig,52909,551,12,0.0027
TrainingData\fakeData\anne_car_data_1.csv,TrainingData\fakeData\anne_car_data_1.csv.tmp,utf-8-sig,52909,551,12,0.0023
TrainingData\fakeData\car_price_data_generated.csv,TrainingData\fakeData\car_price_data_generated.csv.tmp,utf-8-sig,113660,1001,10,0.0042
TrainingData\fakeData\chatGPT_Benford_s_Law_Dataset.csv,TrainingData\fakeData\chatGPT_Benford_s_Law_Dataset.csv.tmp,utf-8-sig,71012,1001,10,0.0035
TrainingData\fakeData\chatGPT_fakedata_1.csv,TrainingData\fakeData\chatGPT_fakedata_1.csv.tmp,utf-8-sig,114044,1001,8,0.004
TrainingData\fakeData\chatGPT_fakedata_2.csv,TrainingData\fakeData\chatGPT_fakedata_2.csv.tmp,utf-8-sig,114044,1001,8,0.0039
TrainingData\fakeData\chatGPT_fakedata_3.csv,TrainingData\fakeData\chatGPT_fakedata_3.csv.tmp,utf-8-sig,222999,1001,15,0.0064
TrainingData\fakeData\chatGPT_fakedata_4.csv,TrainingData\fakeData\chatGPT_fakedata_4.csv.tmp,utf-8-sig,114044,1001,8,0.0039
TrainingData\fakeData\data-kFyc2cTUki-kacHEIvy4j.csv,TrainingData\fakeData\data-kFyc2cTUki-kacHEIvy4j.csv.tmp,utf-8-sig,120897,501,17,0.0044
TrainingData\fakeData\generatedatacom.csv,TrainingData\fakeData\generatedatacom.csv.tmp,utf-8-sig,64924,501,6,0.0026
TrainingData\fakeData\kaggle_reallooking_data.csv,TrainingData\fakeData\kaggle_reallooking_data.csv.tmp,utf-8-sig,6678090,50001,11,0.21
TrainingData\fakeData\Loan Prediction_with_errors_1.csv,TrainingData\fakeData\Loan Prediction_with_errors_1.csv.tmp,utf-8-sig,28110027,252001,14,1.0062
TrainingData\fakeData\Loan Prediction_with_errors_2.csv,TrainingData\fakeData\Loan Prediction_with_errors_2.csv.tmp,utf-8-sig,28113233,252001,14,0.9874
TrainingData\fakeData\table_hp.csv,TrainingData\fakeData\table_hp.csv.tmp,utf-8-sig,273680,3926,7,0.0087
TrainingData\fakeData\table_hpq.csv,TrainingData\fakeData\table_hpq.csv.tmp,utf-8-sig,274773,3926,7,0.0096
TrainingData\fakeData\table_ibm.csv,TrainingData\fakeData\table_ibm.csv.tmp,utf-8-sig,274766,3926,7,0.0093
TrainingData\fakeData\table_jbl.csv,TrainingData\fakeData\table_jbl.csv.tmp,utf-8-sig,272427,3926,7,0.0091
TrainingData\fakeData\table_jpm.csv,TrainingData\fakeData\table_jpm.csv.tmp,utf-8-sig,274368,3926,7,0.0092
TrainingData\fakeData\table_met.csv,TrainingData\fakeData\table_met.csv.tmp,utf-8-sig,234148,3357,7,0.0079
TrainingData\fakeData\table_nyx.csv,TrainingData\fakeData\table_nyx.csv.tmp,utf-8-sig,129668,1870,7,0.005
TrainingData\fakeData\table_pcg.csv,TrainingData\fakeData\table_pcg.csv.tmp,utf-8-sig,272691,3926,7,0.0094
TrainingData\fakeData\table_usb.csv,TrainingData\fakeData\table_usb.csv.tmp,utf-8-sig,274361,3926,7,0.01
TrainingData\fakeData\table_vrsn.csv,TrainingData\fakeData\table_vrsn.csv.tmp,utf-8-sig,264892,3907,7,0.0093
TrainingData\fakeData\table_yhoo.csv,TrainingData\fakeData\table_yhoo.csv.tmp,utf-8-sig,231462,3926,7,0.0083
TrainingData\fakeData\table_zmh.csv,TrainingData\fakeData\table_zmh.csv.tmp,utf-8-sig,210858,3020,7,0.0075
TrainingData\fakeData\user_behavior_dataset_with_errors_1.csv,TrainingData\fakeData\user_behavior_dataset_with_errors_1.csv.tmp,utf-8-sig,55100,701,11,0.0027
TrainingData\fakeData\user_behavior_dataset_with_errors_2.csv,TrainingData\fakeData\user_behavior_dataset_with_errors_2.csv.tmp,utf-8-sig,55417,701,11,0.0051
TrainingData\fakeData\BenfordZipsDatasets\Perfect_Benford_Dataset__10_Columns_.csv,TrainingData\fakeData\BenfordZipsDatasets\Perfect_Benford_Dataset__10_Columns_.csv.tmp,utf-8-sig,204455,1001,10,0.0065
TrainingData\fakeData\BenfordZipsDatasets\Perfect_Zipf_Dataset__10_Columns_.csv,TrainingData\fakeData\BenfordZipsDatasets\Perfect_Zipf_Dataset__10_Columns_.csv.tmp,utf-8-sig,94330,1001,10,0.0038
TrainingData\realData\breast_cancer_data_cleaned.csv,TrainingData\realData\breast_cancer_data_cleaned.csv.tmp,utf-8-sig,161621,570,32,0.0052
TrainingData\realData\car_fuel_data.csv,TrainingData\realData\car_fuel_data.csv.tmp,utf-8-sig,52875,551,12,0.0085
TrainingData\realData\car_price_data.csv,TrainingData\realData\car_price_data.csv.tmp,utf-8-sig,774601,10001,10,0.0333
TrainingData\realData\CD.csv,TrainingData\realData\CD.csv.tmp,utf-8-sig,942403,5721,13,0.0311
TrainingData\realData\creditcard_data_cleaned.csv,TrainingData\realData\creditcard_data_cleaned.csv.tmp,utf-8-sig,168201980,284808,31,4.1478
TrainingData\realData\Global_Cybersecurity_Threats_2015-2024.csv,TrainingData\realData\Global_Cybersecurity_Threats_2015-2024.csv.tmp,utf-8-sig,314300,3001,10,0.0106
TrainingData\realData\horse_data.csv,TrainingData\realData\horse_data.csv.tmp,utf-8-sig,42367,301,28,0.0021
TrainingData\realData\iris_data.csv,TrainingData\realData\iris_data.csv.tmp,utf-8-sig,6221,151,5,0.0007
TrainingData\realData\Loan Prediction_original.csv,TrainingData\realData\Loan Prediction_original.csv.tmp,utf-8-sig,28178155,252001,14,0.9918
TrainingData\realData\pokemon_data.csv,TrainingData\realData\pokemon_data.csv.tmp,utf-8-sig,97341,906,12,0.0041
TrainingData\realData\spotify_2023.csv,TrainingData\realData\spotify_2023.csv.tmp,utf-8-sig,152212,954,24,0.0059
TrainingData\realData\students_grading_data.csv,TrainingData\realData\students_grading_data.csv.tmp,utf-8-sig,936120,5001,23,0.0285
TrainingData\realData\students_performance_data_cleaned.csv,TrainingData\realData\students_performance_data_cleaned.csv.tmp,utf-8-sig,73037,1001,8,0.0028
TrainingData\realData\user_behavior_dataset_original.csv,TrainingData\realData\user_behavior_dataset_original.csv.tmp,utf-8-sig,55001,701,11,0.0028
TrainingData\realData\winequality-red.csv,TrainingData\realData\winequality-red.csv.tmp,utf-8-sig,140951,1600,12,0.0052
TrainingData\realData\cvap\BlockGr.csv,TrainingData\realData\cvap\BlockGr.csv.tmp,utf-8-sig,269237786,1823150,11,8.4719
TrainingData\realData\cvap\CD.csv,TrainingData\realData\cvap\CD.csv.tmp,utf-8-sig,942403,5721,13,0.0246
TrainingData\realData\cvap\County.csv,TrainingData\realData\cvap\County.csv.tmp,utf-8-sig,2961655,23395,13,0.0866
TrainingData\realData\cvap\MCD.csv,TrainingData\realData\cvap\MCD.csv.tmp,utf-8-sig,23092169,156599,14,0.7009
TrainingData\realData\cvap\Nation.csv,TrainingData\realData\cvap\Nation.csv.tmp,utf-8-sig,1906,14,12,0.0007
TrainingData\realData\cvap\Place.csv,TrainingData\realData\cvap\Place.csv.tmp,utf-8-sig,4465273,35870,13,0.1292
TrainingData\realData\cvap\SLDLC.csv,TrainingData\realData\cvap\SLDLC.csv.tmp,utf-8-sig,9355566,63441,13,0.2577
TrainingData\realData\cvap\SLDUC.csv,TrainingData\realData\cvap\SLDUC.csv.tmp,utf-8-sig,3844856,25533,13,0.1036
TrainingData\realData\cvap\State.csv,TrainingData\realData\cvap\State.csv.tmp,utf-8-sig,82299,677,12,0.0027
TrainingData\realData\cvap\Tract.csv,TrainingData\realData\cvap\Tract.csv.tmp,utf-8-sig,84370211,641434,10,2.5421
TrainingData\realData\EuroStat\demo_divcb.csv,TrainingData\realData\EuroStat\demo_divcb.csv.tmp,utf-8-sig,600635,5934,11,0.0249
TrainingData\realData\EuroStat\demo_divcz.csv,TrainingData\realData\EuroStat\demo_divcz.csv.tmp,utf-8-sig,1302599,13015,11,0.0459
TrainingData\realData\EuroStat\demo_fabort.csv,TrainingData\realData\EuroStat\demo_fabort.csv.tmp,utf-8-sig,752870,7992,10,0.0285
TrainingData\realData\EuroStat\demo_fabortind.csv,TrainingData\realData\EuroStat\demo_fabortind.csv.tmp,utf-8-sig,49914,503,10,0.0081
TrainingData\realData\EuroStat\demo_fabortord.csv,TrainingData\realData\EuroStat\demo_fabortord.csv.tmp,utf-8-sig,2475465,24497,11,0.0786
TrainingData\realData\EuroStat\demo_facbc.csv,TrainingData\realData\EuroStat\demo_facbc.csv.tmp,utf-8-sig,14430075,145475,11,0.4879
TrainingData\realData\EuroStat\demo_faczc.csv,TrainingData\realData\EuroStat\demo_faczc.csv.tmp,utf-8-sig,18189283,184589,11,0.5627
TrainingData\realData\EuroStat\demo_faeduc.csv,TrainingData\realData\EuroStat\demo_faeduc.csv.tmp,utf-8-sig,7836042,79530,11,0.2391
TrainingData\realData\EuroStat\demo_faemplc.csv,TrainingData\realData\EuroStat\demo_faemplc.csv.tmp,utf-8-sig,5150722,51719,11,0.1662
TrainingData\realData\EuroStat\demo_fagec.csv,TrainingData\realData\EuroStat\demo_fagec.csv.tmp,utf-8-sig,30193969,307414,11,0.9948
TrainingData\realData\EuroStat\demo_fager.csv,TrainingData\realData\EuroStat\demo_fager.csv.tmp,utf-8-sig,27352686,279331,11,0.8999
TrainingData\realData\EuroStat\demo_fasec.csv,TrainingData\realData\EuroStat\demo_fasec.csv.tmp,utf-8-sig,10802309,112974,11,0.3245
TrainingData\realData\EuroStat\demo_find.csv,TrainingData\realData\EuroStat\demo_find.csv.tmp,utf-8-sig,1602044,17569,9,0.0548
TrainingData\realData\EuroStat\demo_fmonth.csv,TrainingData\realData\EuroStat\demo_fmonth.csv.tmp,utf-8-sig,2835866,30519,10,0.0861
TrainingData\realData\EuroStat\demo_fordagec.csv,TrainingData\realData\EuroStat\demo_fordagec.csv.tmp,utf-8-sig,32393710,327883,11,1.084
TrainingData\realData\EuroStat\demo_fordager.csv,TrainingData\realData\EuroStat\demo_fordager.csv.tmp,utf-8-sig,31682150,320507,11,1.0628
TrainingData\realData\EuroStat\demo_frate.csv,TrainingData\realData\EuroStat\demo_frate.csv.tmp,utf-8-sig,9627224,91724,11,0.2907
TrainingData\realData\EuroStat\demo_fweight.csv,TrainingData\realData\EuroStat\demo_fweight.csv.tmp,utf-8-sig,6227007,60736,11,0.191
TrainingData\realData\EuroStat\demo_gind.csv,TrainingData\realData\EuroStat\demo_gind.csv.tmp,utf-8-sig,5633799,62731,9,0.1771
TrainingData\realData\EuroStat\demo_macbc.csv,TrainingData\realData\EuroStat\demo_macbc.csv.tmp,utf-8-sig,96289057,946902,12,3.2197
TrainingData\realData\EuroStat\demo_maczc.csv,TrainingData\realData\EuroStat\demo_maczc.csv.tmp,utf-8-sig,123657768,1222284,12,4.4144
TrainingData\realData\EuroStat\demo_maeduc.csv,TrainingData\realData\EuroStat\demo_maeduc.csv.tmp,utf-8-sig,60748233,599422,12,2.0542
TrainingData\realData\EuroStat\demo_magec.csv,TrainingData\realData\EuroStat\demo_magec.csv.tmp,utf-8-sig,61228418,650476,11,2.0099
TrainingData\realData\EuroStat\demo_mager.csv,TrainingData\realData\EuroStat\demo_mager.csv.tmp,utf-8-sig,51239479,544183,11,1.7146
TrainingData\realData\EuroStat\demo_marcb.csv,TrainingData\realData\EuroStat\demo_marcb.csv.tmp,utf-8-sig,889227,8733,11,0.036
TrainingData/fakeData/anne_car_data_1.csv,results/result.csv,utf-8-sig,39685,551,12,0.0033
TestData/realData\21371-0001_de_flat.csv,TestData/realData\21371-0001_de_flat.csv.tmp,utf-8-sig,388248,1441,3,0.0109
TestData/realData\twitchdata-update.csv,TestData/realData\twitchdata-update.csv.tmp,utf-8-sig,101985,1001,11,0.0042
TrainingData/fakeData/anne_car_data_1.csv,results/result.csv,utf-8-sig,39685,551,12,0.003
TestData/realData\21371-0001_de_flat.csv,TestData/realData\21371-0001_de_flat.csv.tmp,utf-8-sig,379602,1441,3,0.01
TestData/realData\twitchdata-update.csv,TestData/realData\twitchdata-update.csv.tmp,utf-8-sig,79963,1001,11,0.0045
TestData/fakeData\anne_car_data_2.csv,TestData/fakeData\anne_car_data_2.csv.tmp,utf-8-sig,39158,551,12,0.0027
TestData/fakeData\Artificial_Data.csv,TestData/fakeData\Artificial_Data.csv.tmp,utf-8-sig,192969,1001,15,0.0063
TestData/fakeData\data-LzAcLkrRxo5zBlB1iAJXy.csv,TestData/fakeData\data-LzAcLkrRxo5zBlB1iAJXy.csv.tmp,utf-8-sig,20059,501,5,0.0018
TestData/fakeData\Kaggle_Synthetic_Data.csv,TestData/fakeData\Kaggle_Synthetic_Data.csv.tmp,utf-8-sig,69383,1001,9,0.0039
TestData/fakeData\mackaroocom.csv,TestData/fakeData\mackaroocom.csv.tmp,utf-8-sig,63600,1001,6,0.0032
TestData/fakeData\random_dataset.csv,TestData/fakeData\random_dataset.csv.tmp,utf-8-sig,11438,201,8,0.0013
TestData/fakeData\sdv_hotel_data.csv,TestData/fakeData\sdv_hotel_data.csv.tmp,utf-8-sig,276568,2001,10,0.0092
TestData/fakeData\synthetic_city_data.csv,TestData/fakeData\synthetic_city_data.csv.tmp,utf-8-sig,70792,1001,10,0.0039
TestData/fakeData\synthetic_city_data2.csv,TestData/fakeData\synthetic_city_data2.csv.tmp,utf-8-sig,70888,1001,10,0.0039
TestData/fakeData\synthetic_city_data3.csv,TestData/fakeData\synthetic_city_data3.csv.tmp,utf-8-sig,70933,1001,10,0.004
TestData/fakeData\BenfordZipsDatasets\Perfect_Benford_Dataset__10_Columns_.csv,TestData/fakeData\BenfordZipsDatasets\Perfect_Benford_Dataset__10_Columns_.csv.tmp,utf-8-sig,184435,1001,10,0.0591
TestData/fakeData\BenfordZipsDatasets\Perfect_Zipf_Dataset__10_Columns_.csv,TestData/fakeData\BenfordZipsDatasets\Perfect_Zipf_Dataset__10_Columns_.csv.tmp,utf-8-sig,74310,1001,10,0.0285
TestData/fakeData\fakeStockData\table_aa.csv,TestData/fakeData\fakeStockData\table_aa.csv.tmp,utf-8-sig,220288,3926,7,0.0449
TestData/fakeData\fakeStockData\table_aapl.csv,TestData/fakeData\fakeStockData\table_aapl.csv.tmp,utf-8-sig,218695,3926,7,0.0105
TestData/fakeData\fakeStockData\table_abc.csv,TestData/fakeData\fakeStockData\table_abc.csv.tmp,utf-8-sig,218101,3926,7,0.0492
TestData/fakeData\fakeStockData\table_aig.csv,TestData/fakeData\fakeStockData\table_aig.csv.tmp,utf-8-sig,211253,3926,7,0.0101
TestData/fakeData\fakeStockData\table_amzn.csv,TestData/fakeData\fakeStockData\table_amzn.csv.tmp,utf-8-sig,175846,3926,7,0.0098
TestData/fakeData\fakeStockData\table_bwa.csv,TestData/fakeData\fakeStockData\table_bwa.csv.tmp,utf-8-sig,219770,3926,7,0.0118
TestData/fakeData\fakeStockData\table_cost.csv,TestData/fakeData\fakeStockData\table_cost.csv.tmp,utf-8-sig,218766,3926,7,0.012
TestData/fakeData\fakeStockData\table_csco.csv,TestData/fakeData\fakeStockData\table_csco.csv.tmp,utf-8-sig,216601,3926,7,0.0116
TestData/fakeData\fakeStockData\table_d.csv,TestData/fakeData\fakeStockData\table_d.csv.tmp,utf-8-sig,218158,3926,7,0.0183
TestData/fakeData\fakeStockData\table_ebay.csv,TestData/fakeData\fakeStockData\table_ebay.csv.tmp,utf-8-sig,173121,3743,7,0.0126
TestData/fakeData\fakeStockData\table_goog.csv,TestData/fakeData\fakeStockData\table_goog.csv.tmp,utf-8-sig,105414,2260,7,0.0543
TrainingData/fakeData/anne_car_data_1.csv,results/result.csv,utf-8-sig,39685,551,12,0.003
TrainingData\fakeData\anne_car_data_1.csv,TrainingData\fakeData\anne_car_data_1.csv.tmp,utf-8-sig,39685,551,12,0.0024
TrainingData\fakeData\car_price_data_generated.csv,TrainingData\fakeData\car_price_data_generated.csv.tmp,utf-8-sig,93640,1001,10,0.0045
TrainingData\fakeData\chatGPT_Benford_s_Law_Dataset.csv,TrainingData\fakeData\chatGPT_Benford_s_Law_Dataset.csv.tmp,utf-8-sig,50992,1001,10,0.0036
TrainingData\fakeData\chatGPT_fakedata_1.csv,TrainingData\fakeData\chatGPT_fakedata_1.csv.tmp,utf-8-sig,98028,1001,8,0.0039
TrainingData\fakeData\chatGPT_fakedata_2.csv,TrainingData\fakeData\chatGPT_fakedata_2.csv.tmp,utf-8-sig,98028,1001,8,0.0044
TrainingData\fakeData\chatGPT_fakedata_3.csv,TrainingData\fakeData\chatGPT_fakedata_3.csv.tmp,utf-8-sig,192969,1001,15,0.0066
TrainingData\fakeData\chatGPT_fakedata_4.csv,TrainingData\fakeData\chatGPT_fakedata_4.csv.tmp,utf-8-sig,98028,1001,8,0.004
TrainingData\fakeData\data-kFyc2cTUki-kacHEIvy4j.csv,TrainingData\fakeData\data-kFyc2cTUki-kacHEIvy4j.csv.tmp,utf-8-sig,103863,501,17,0.0043
TrainingData\fakeData\generatedatacom.csv,TrainingData\fakeData\generatedatacom.csv.tmp,utf-8-sig,59593,501,10,0.0033
TrainingData\fakeData\kaggle_reallooking_data.csv,TrainingData\fakeData\kaggle_reallooking_data.csv.tmp,utf-8-sig,558209,5001,11,0.026
TrainingData\fakeData\Loan Prediction_with_errors_1.csv,TrainingData\fakeData\Loan Prediction_with_errors_1.csv.tmp,utf-8-sig,401339,5001,14,0.0246
TrainingData\fakeData\Loan Prediction_with_errors_2.csv,TrainingData\fakeData\Loan Prediction_with_errors_2.csv.tmp,utf-8-sig,401690,5001,14,0.0245
TrainingData\fakeData\table_hp.csv,TrainingData\fakeData\table_hp.csv.tmp,utf-8-sig,218716,3926,7,0.0092
TrainingData\fakeData\table_hpq.csv,TrainingData\fakeData\table_hpq.csv.tmp,utf-8-sig,219809,3926,7,0.0092
TrainingData\fakeData\table_ibm.csv,TrainingData\fakeData\table_ibm.csv.tmp,utf-8-sig,219802,3926,7,0.0087
TrainingData\fakeData\table_jbl.csv,TrainingData\fakeData\table_jbl.csv.tmp,utf-8-sig,217463,3926,7,0.0089
TrainingData\fakeData\table_jpm.csv,TrainingData\fakeData\table_jpm.csv.tmp,utf-8-sig,219404,3926,7,0.0092
TrainingData\fakeData\table_met.csv,TrainingData\fakeData\table_met.csv.tmp,utf-8-sig,187150,3357,7,0.0079
TrainingData\fakeData\table_nyx.csv,TrainingData\fakeData\table_nyx.csv.tmp,utf-8-sig,103488,1870,7,0.0048
TrainingData\fakeData\table_pcg.csv,TrainingData\fakeData\table_pcg.csv.tmp,utf-8-sig,217727,3926,7,0.0089
TrainingData\fakeData\table_usb.csv,TrainingData\fakeData\table_usb.csv.tmp,utf-8-sig,219397,3926,7,0.0093
TrainingData\fakeData\table_vrsn.csv,TrainingData\fakeData\table_vrsn.csv.tmp,utf-8-sig,210194,3907,7,0.0092
TrainingData\fakeData\table_yhoo.csv,TrainingData\fakeData\table_yhoo.csv.tmp,utf-8-sig,176498,3926,7,0.0082
TrainingData\fakeData\table_zmh.csv,TrainingData\fakeData\table_zmh.csv.tmp,utf-8-sig,168578,3020,7,0.0071
TrainingData\fakeData\user_behavior_dataset_with_errors_1.csv,TrainingData\fakeData\user_behavior_dataset_with_errors_1.csv.tmp,utf-8-sig,39678,701,11,0.0027
TrainingData\fakeData\user_behavior_dataset_with_errors_2.csv,TrainingData\fakeData\user_behavior_dataset_with_errors_2.csv.tmp,utf-8-sig,39995,701,11,0.0035
TrainingData\fakeData\BenfordZipsDatasets\Perfect_Benford_Dataset__10_Columns_.csv,TrainingData\fakeData\BenfordZipsDatasets\Perfect_Benford_Dataset__10_Columns_.csv.tmp,utf-8-sig,184435,1001,10,0.0058
TrainingData\fakeData\BenfordZipsDatasets\Perfect_Zipf_Dataset__10_Columns_.csv,TrainingData\fakeData\BenfordZipsDatasets\Perfect_Zipf_Dataset__10_Columns_.csv.tmp,utf-8-sig,74310,1001,10,0.0036
TrainingData\realData\breast_cancer_data_cleaned.csv,TrainingData\realData\breast_cancer_data_cleaned.csv.tmp,utf-8-sig,125141,570,32,0.005
TrainingData\realData\car_fuel_data.csv,TrainingData\realData\car_fuel_data.csv.tmp,utf-8-sig,39651,551,12,0.0027
TrainingData\realData\car_price_data.csv,TrainingData\realData\car_price_data.csv.tmp,utf-8-sig,287726,5001,10,0.0214
TrainingData\realData\CD.csv,TrainingData\realData\CD.csv.tmp,utf-8-sig,693442,5001,13,0.0282
TrainingData\realData\creditcard_data_cleaned.csv,TrainingData\realData\creditcard_data_cleaned.csv.tmp,utf-8-sig,2652724,5001,31,0.0743
TrainingData\realData\Global_Cybersecurity_Threats_2015-2024.csv,TrainingData\realData\Global_Cybersecurity_Threats_2015-2024.csv.tmp,utf-8-sig,254280,3001,10,0.0095
TrainingData\realData\horse_data.csv,TrainingData\realData\horse_data.csv.tmp,utf-8-sig,25511,301,28,0.0023
TrainingData\realData\iris_data.csv,TrainingData\realData\iris_data.csv.tmp,utf-8-sig,4711,151,5,0.0011
TrainingData\realData\Loan Prediction_original.csv,TrainingData\realData\Loan Prediction_original.csv.tmp,utf-8-sig,403901,5001,14,0.0344
TrainingData\realData\pokemon_data.csv,TrainingData\realData\pokemon_data.csv.tmp,utf-8-sig,75597,906,12,0.0045
TrainingData\realData\spotify_2023.csv,TrainingData\realData\spotify_2023.csv.tmp,utf-8-sig,107034,954,32,0.007
TrainingData\realData\students_grading_data.csv,TrainingData\realData\students_grading_data.csv.tmp,utf-8-sig,706074,5001,23,0.0277
TrainingData\realData\students_performance_data_cleaned.csv,TrainingData\realData\students_performance_data_cleaned.csv.tmp,utf-8-sig,57021,1001,8,0.0033
TrainingData\realData\user_behavior_dataset_original.csv,TrainingData\realData\user_behavior_dataset_original.csv.tmp,utf-8-sig,39579,701,11,0.0027
TrainingData\realData\winequality-red.csv,TrainingData\realData\winequality-red.csv.tmp,utf-8-sig,102551,1600,12,0.0057
TrainingData\realData\cvap\BlockGr.csv,TrainingData\realData\cvap\BlockGr.csv.tmp,utf-8-sig,628995,5001,11,0.0275
TrainingData\realData\cvap\CD.csv,TrainingData\realData\cvap\CD.csv.tmp,utf-8-sig,693442,5001,13,0.0289
TrainingData\realData\cvap\County.csv,TrainingData\realData\cvap\County.csv.tmp,utf-8-sig,505145,5001,13,0.0259
TrainingData\realData\cvap\MCD.csv,TrainingData\realData\cvap\MCD.csv.tmp,utf-8-sig,596907,5001,14,0.0284
TrainingData\realData\cvap\Nation.csv,TrainingData\realData\cvap\Nation.csv.tmp,utf-8-sig,1570,14,12,0.0008
TrainingData\realData\cvap\Place.csv,TrainingData\realData\cvap\Place.csv.tmp,utf-8-sig,493449,5001,13,0.026
TrainingData\realData\cvap\SLDLC.csv,TrainingData\realData\cvap\SLDLC.csv.tmp,utf-8-sig,608593,5001,13,0.0275
TrainingData\realData\cvap\SLDUC.csv,TrainingData\realData\cvap\SLDUC.csv.tmp,utf-8-sig,624029,5001,13,0.0263
TrainingData\realData\cvap\State.csv,TrainingData\realData\cvap\State.csv.tmp,utf-8-sig,66051,677,12,0.0034
TrainingData\realData\cvap\Tract.csv,TrainingData\realData\cvap\Tract.csv.tmp,utf-8-sig,559576,5001,10,0.0255
TrainingData\realData\EuroStat\demo_divcb.csv,TrainingData\realData\EuroStat\demo_divcb.csv.tmp,utf-8-sig,366204,5001,11,0.022
TrainingData\realData\EuroStat\demo_divcz.csv,TrainingData\realData\EuroStat\demo_divcz.csv.tmp,utf-8-sig,369979,5001,11,0.023
TrainingData\realData\EuroStat\demo_fabort.csv,TrainingData\realData\EuroStat\demo_fabort.csv.tmp,utf-8-sig,351139,5001,10,0.0219
TrainingData\realData\EuroStat\demo_fabortind.csv,TrainingData\realData\EuroStat\demo_fabortind.csv.tmp,utf-8-sig,39854,503,10,0.0025
TrainingData\realData\EuroStat\demo_fabortord.csv,TrainingData\realData\EuroStat\demo_fabortord.csv.tmp,utf-8-sig,375284,5001,11,0.0225
TrainingData\realData\EuroStat\demo_facbc.csv,TrainingData\realData\EuroStat\demo_facbc.csv.tmp,utf-8-sig,365837,5001,11,0.0229
TrainingData\realData\EuroStat\demo_faczc.csv,TrainingData\realData\EuroStat\demo_faczc.csv.tmp,utf-8-sig,362893,5001,11,0.0223
TrainingData\realData\EuroStat\demo_faeduc.csv,TrainingData\realData\EuroStat\demo_faeduc.csv.tmp,utf-8-sig,352621,5001,11,0.0217
TrainingData\realData\EuroStat\demo_faemplc.csv,TrainingData\realData\EuroStat\demo_faemplc.csv.tmp,utf-8-sig,357866,5001,11,0.0219
TrainingData\realData\EuroStat\demo_fagec.csv,TrainingData\realData\EuroStat\demo_fagec.csv.tmp,utf-8-sig,361281,5001,11,0.0223
TrainingData\realData\EuroStat\demo_fager.csv,TrainingData\realData\EuroStat\demo_fager.csv.tmp,utf-8-sig,349620,5001,11,0.0274
TrainingData\realData\EuroStat\demo_fasec.csv,TrainingData\realData\EuroStat\demo_fasec.csv.tmp,utf-8-sig,338392,5001,11,0.0211
TrainingData\realData\EuroStat\demo_find.csv,TrainingData\realData\EuroStat\demo_find.csv.tmp,utf-8-sig,336678,5001,9,0.019
TrainingData\realData\EuroStat\demo_fmonth.csv,TrainingData\realData\EuroStat\demo_fmonth.csv.tmp,utf-8-sig,345093,5001,10,0.0247
TrainingData\realData\EuroStat\demo_fordagec.csv,TrainingData\realData\EuroStat\demo_fordagec.csv.tmp,utf-8-sig,364354,5001,11,0.0245
TrainingData\realData\EuroStat\demo_fordager.csv,TrainingData\realData\EuroStat\demo_fordager.csv.tmp,utf-8-sig,354232,5001,11,0.0387
TrainingData\realData\EuroStat\demo_frate.csv,TrainingData\realData\EuroStat\demo_frate.csv.tmp,utf-8-sig,384069,5001,11,0.0219
TrainingData\realData\EuroStat\demo_fweight.csv,TrainingData\realData\EuroStat\demo_fweight.csv.tmp,utf-8-sig,382463,5001,11,0.0262
TrainingData\realData\EuroStat\demo_gind.csv,TrainingData\realData\EuroStat\demo_gind.csv.tmp,utf-8-sig,336674,5001,9,0.0336
TrainingData\realData\EuroStat\demo_macbc.csv,TrainingData\realData\EuroStat\demo_macbc.csv.tmp,utf-8-sig,358600,5001,12,0.0234
TrainingData\realData\EuroStat\demo_maczc.csv,TrainingData\realData\EuroStat\demo_maczc.csv.tmp,utf-8-sig,356201,5001,12,0.0318
TrainingData\realData\EuroStat\demo_maeduc.csv,TrainingData\realData\EuroStat\demo_maeduc.csv.tmp,utf-8-sig,356821,5001,12,0.0269
TrainingData\realData\EuroStat\demo_magec.csv,TrainingData\realData\EuroStat\demo_magec.csv.tmp,utf-8-sig,340714,5001,11,0.0232
TrainingData\realData\EuroStat\demo_mager.csv,TrainingData\realData\EuroStat\demo_mager.csv.tmp,utf-8-sig,330902,5001,11,0.0229
TrainingData\realData\EuroStat\demo_marcb.csv,TrainingData\realData\EuroStat\demo_marcb.csv.tmp,utf-8-sig,369640,5001,11,0.0233
TrainingData/fakeData/anne_car_data_1.csv,results/result.csv,utf-8-sig,39685,551,12,0.0031
TrainingData\fakeData\anne_car_data_1.csv,TrainingData\fakeData\anne_car_data_1.csv.tmp,utf-8-sig,39685,551,12,0.003
TrainingData\fakeData\car_price_data_generated.csv,TrainingData\fakeData\car_price_data_generated.csv.tmp,utf-8-sig,93640,1001,10,0.0047
TrainingData\fakeData\chatGPT_Benford_s_Law_Dataset.csv,TrainingData\fakeData\chatGPT_Benford_s_Law_Dataset.csv.tmp,utf-8-sig,50992,1001,10,0.0054
TrainingData\fakeData\chatGPT_fakedata_1.csv,TrainingData\fakeData\chatGPT_fakedata_1.csv.tmp,utf-8-sig,98028,1001,8,0.0041
TrainingData\fakeData\chatGPT_fakedata_2.csv,TrainingData\fakeData\chatGPT_fakedata_2.csv.tmp,utf-8-sig,98028,1001,8,0.0043
TrainingData\fakeData\chatGPT_fakedata_3.csv,TrainingData\fakeData\chatGPT_fakedata_3.csv.tmp,utf-8-sig,192969,1001,15,0.0069
TrainingData\fakeData\chatGPT_fakedata_4.csv,TrainingData\fakeData\chatGPT_fakedata_4.csv.tmp,utf-8-sig,98028,1001,8,0.0043
TrainingData\fakeData\data-kFyc2cTUki-kacHEIvy4j.csv,TrainingData\fakeData\data-kFyc2cTUki-kacHEIvy4j.csv.tmp,utf-8-sig,103863,501,17,0.0047
TrainingData\fakeData\generatedatacom.csv,TrainingData\fakeData\generatedatacom.csv.tmp,utf-8-sig,65189,501,10,0.0037
TrainingData\fakeData\kaggle_reallooking_data.csv,TrainingData\fakeData\kaggle_reallooking_data.csv.tmp,utf-8-sig,558209,5001,11,0.021
TrainingData\fakeData\Loan Prediction_with_errors_1.csv,TrainingData\fakeData\Loan Prediction_with_errors_1.csv.tmp,utf-8-sig,417521,5001,14,0.0205
TrainingData\fakeData\Loan Prediction_with_errors_2.csv,TrainingData\fakeData\Loan Prediction_with_errors_2.csv.tmp,utf-8-sig,417566,5001,14,0.0196
TrainingData\fakeData\table_hp.csv,TrainingData\fakeData\table_hp.csv.tmp,utf-8-sig,218716,3926,7,0.0098
TrainingData\fakeData\table_hpq.csv,TrainingData\fakeData\table_hpq.csv.tmp,utf-8-sig,219809,3926,7,0.0104
TrainingData\fakeData\table_ibm.csv,TrainingData\fakeData\table_ibm.csv.tmp,utf-8-sig,219802,3926,7,0.0153
TrainingData\fakeData\table_jbl.csv,TrainingData\fakeData\table_jbl.csv.tmp,utf-8-sig,217463,3926,7,0.0115
TrainingData\fakeData\table_jpm.csv,TrainingData\fakeData\table_jpm.csv.tmp,utf-8-sig,219404,3926,7,0.0117
TrainingData\fakeData\table_met.csv,TrainingData\fakeData\table_met.csv.tmp,utf-8-sig,187150,3357,7,0.0088
TrainingData\fakeData\table_nyx.csv,TrainingData\fakeData\table_nyx.csv.tmp,utf-8-sig,103488,1870,7,0.0051
TrainingData\fakeData\table_pcg.csv,TrainingData\fakeData\table_pcg.csv.tmp,utf-8-sig,217727,3926,7,0.0095
TrainingData\fakeData\table_usb.csv,TrainingData\fakeData\table_usb.csv.tmp,utf-8-sig,219397,3926,7,0.0097
TrainingData\fakeData\table_vrsn.csv,TrainingData\fakeData\table_vrsn.csv.tmp,utf-8-sig,210194,3907,7,0.0102
TrainingData\fakeData\table_yhoo.csv,TrainingData\fakeData\table_yhoo.csv.tmp,utf-8-sig,176498,3926,7,0.0096
TrainingData\fakeData\table_zmh.csv,TrainingData\fakeData\table_zmh.csv.tmp,utf-8-sig,168578,3020,7,0.0078
TrainingData\fakeData\user_behavior_dataset_with_errors_1.csv,TrainingData\fakeData\user_behavior_dataset_with_errors_1.csv.tmp,utf-8-sig,39678,701,11,0.003
TrainingData\fakeData\user_behavior_dataset_with_errors_2.csv,TrainingData\fakeData\user_behavior_dataset_with_errors_2.csv.tmp,utf-8-sig,39995,701,11,0.0032
TrainingData\fakeData\BenfordZipsDatasets\Perfect_Benford_Dataset__10_Columns_.csv,TrainingData\fakeData\BenfordZipsDatasets\Perfect_Benford_Dataset__10_Columns_.csv.tmp,utf-8-sig,184435,1001,10,0.0063
TrainingData\fakeData\BenfordZipsDatasets\Perfect_Zipf_Dataset__10_Columns_.csv,TrainingData\fakeData\BenfordZipsDatasets\Perfect_Zipf_Dataset__10_Columns_.csv.tmp,utf-8-sig,74310,1001,10,0.004
TrainingData/fakeData/anne_car_data_1.csv,results/result.csv,utf-8-sig,39685,551,12,0.0443
TrainingData\fakeData\anne_car_data_1.csv,TrainingData\fakeData\anne_car_data_1.csv.tmp,utf-8-sig,39523,551,12,0.0082
TrainingData\fakeData\car_price_data_generated.csv,TrainingData\fakeData\car_price_data_generated.csv.tmp,utf-8-sig,93640,1001,10,0.0114
TrainingData\fakeData\chatGPT_Benford_s_Law_Dataset.csv,TrainingData\fakeData\chatGPT_Benford_s_Law_Dataset.csv.tmp,utf-8-sig,50992,1001,10,0.011
TrainingData\fakeData\chatGPT_fakedata_1.csv,TrainingData\fakeData\chatGPT_fakedata_1.csv.tmp,utf-8-sig,97584,1001,8,0.0116
TrainingData\fakeData\chatGPT_fakedata_2.csv,TrainingData\fakeData\chatGPT_fakedata_2.csv.tmp,utf-8-sig,97584,1001,8,0.0109
TrainingData\fakeData\chatGPT_fakedata_3.csv,TrainingData\fakeData\chatGPT_fakedata_3.csv.tmp,utf-8-sig,191996,1001,15,0.0136
TrainingData\fakeData\chatGPT_fakedata_4.csv,TrainingData\fakeData\chatGPT_fakedata_4.csv.tmp,utf-8-sig,97584,1001,8,0.0113
TrainingData\fakeData\data-kFyc2cTUki-kacHEIvy4j.csv,TrainingData\fakeData\data-kFyc2cTUki-kacHEIvy4j.csv.tmp,utf-8-sig,98546,501,17,0.0119
TrainingData\fakeData\generatedatacom.csv,TrainingData\fakeData\generatedatacom.csv.tmp,utf-8-sig,62372,501,10,0.0104
TrainingData\fakeData\kaggle_reallooking_data.csv,TrainingData\fakeData\kaggle_reallooking_data.csv.tmp,utf-8-sig,558209,5001,11,0.0329
TrainingData\fakeData\Loan Prediction_with_errors_1.csv,TrainingData\fakeData\Loan Prediction_with_errors_1.csv.tmp,utf-8-sig,401339,5001,14,0.0261
TrainingData\fakeData\Loan Prediction_with_errors_2.csv,TrainingData\fakeData\Loan Prediction_with_errors_2.csv.tmp,utf-8-sig,401690,5001,14,0.0296
TrainingData\fakeData\table_hp.csv,TrainingData\fakeData\table_hp.csv.tmp,utf-8-sig,219098,3926,7,0.016
TrainingData\fakeData\table_hpq.csv,TrainingData\fakeData\table_hpq.csv.tmp,utf-8-sig,220111,3926,7,0.0179
TrainingData\fakeData\table_ibm.csv,TrainingData\fakeData\table_ibm.csv.tmp,utf-8-sig,219868,3926,7,0.0162
TrainingData\fakeData\table_jbl.csv,TrainingData\fakeData\table_jbl.csv.tmp,utf-8-sig,217817,3926,7,0.0166
TrainingData\fakeData\table_jpm.csv,TrainingData\fakeData\table_jpm.csv.tmp,utf-8-sig,219748,3926,7,0.019
TrainingData\fakeData\table_met.csv,TrainingData\fakeData\table_met.csv.tmp,utf-8-sig,187178,3357,7,0.0171
TrainingData\fakeData\table_nyx.csv,TrainingData\fakeData\table_nyx.csv.tmp,utf-8-sig,103700,1870,7,0.0112
TrainingData\fakeData\table_pcg.csv,TrainingData\fakeData\table_pcg.csv.tmp,utf-8-sig,218023,3926,7,0.0181
TrainingData\fakeData\table_usb.csv,TrainingData\fakeData\table_usb.csv.tmp,utf-8-sig,219667,3926,7,0.0213
TrainingData\fakeData\table_vrsn.csv,TrainingData\fakeData\table_vrsn.csv.tmp,utf-8-sig,211614,3907,7,0.0194
TrainingData\fakeData\table_yhoo.csv,TrainingData\fakeData\table_yhoo.csv.tmp,utf-8-sig,177332,3926,7,0.0156
TrainingData\fakeData\table_zmh.csv,TrainingData\fakeData\table_zmh.csv.tmp,utf-8-sig,168832,3020,7,0.015
TrainingData\fakeData\user_behavior_dataset_with_errors_1.csv,TrainingData\fakeData\user_behavior_dataset_with_errors_1.csv.tmp,utf-8-sig,39652,701,11,0.0103
TrainingData\fakeData\user_behavior_dataset_with_errors_2.csv,TrainingData\fakeData\user_behavior_dataset_with_errors_2.csv.tmp,utf-8-sig,39837,701,11,0.01
TrainingData\fakeData\BenfordZipsDatasets\Perfect_Benford_Dataset__10_Columns_.csv,TrainingData\fakeData\BenfordZipsDatasets\Perfect_Benford_Dataset__10_Columns_.csv.tmp,utf-8-sig,183477,1001,10,0.0353
TrainingData\fakeData\BenfordZipsDatasets\Perfect_Zipf_Dataset__10_Columns_.csv,TrainingData\fakeData\BenfordZipsDatasets\Perfect_Zipf_Dataset__10_Columns_.csv.tmp,utf-8-sig,74310,1001,10,0.0096
TrainingData/fakeData/anne_car_data_1.csv,results/result.csv,utf-8-sig,39685,551,12,0.0707
TrainingData\fakeData\anne_car_data_1.csv,TrainingData\fakeData\anne_car_data_1.csv.tmp,utf-8-sig,39523,551,12,0.0086
TrainingData\fakeData\car_price_data_generated.csv,TrainingData\fakeData\car_price_data_generated.csv.tmp,utf-8-sig,93640,1001,10,0.0112
TrainingData\fakeData\chatGPT_Benford_s_Law_Dataset.csv,TrainingData\fakeData\chatGPT_Benford_s_Law_Dataset.csv.tmp,utf-8-sig,50992,1001,10,0.0116
TrainingData\fakeData\chatGPT_fakedata_1.csv,TrainingData\fakeData\chatGPT_fakedata_1.csv.tmp,utf-8-sig,97529,1001,8,0.0178
TrainingData\fakeData\chatGPT_fakedata_2.csv,TrainingData\fakeData\chatGPT_fakedata_2.csv.tmp,utf-8-sig,97529,1001,8,0.0608
TrainingData\fakeData\chatGPT_fakedata_3.csv,TrainingData\fakeData\chatGPT_fakedata_3.csv.tmp,utf-8-sig,191881,1001,15,0.0653
TrainingData\fakeData\chatGPT_fakedata_4.csv,TrainingData\fakeData\chatGPT_fakedata_4.csv.tmp,utf-8-sig,97529,1001,8,0.0401
TrainingData\fakeData\data-kFyc2cTUki-kacHEIvy4j.csv,TrainingData\fakeData\data-kFyc2cTUki-kacHEIvy4j.csv.tmp,utf-8-sig,98546,501,17,0.0108
TrainingData\fakeData\generatedatacom.csv,TrainingData\fakeData\generatedatacom.csv.tmp,utf-8-sig,65096,501,10,0.0093
TrainingData\fakeData\kaggle_reallooking_data.csv,TrainingData\fakeData\kaggle_reallooking_data.csv.tmp,utf-8-sig,558209,5001,11,0.0265
TrainingData\fakeData\Loan Prediction_with_errors_1.csv,TrainingData\fakeData\Loan Prediction_with_errors_1.csv.tmp,utf-8-sig,401339,5001,14,0.025
TrainingData\fakeData\Loan Prediction_with_errors_2.csv,TrainingData\fakeData\Loan Prediction_with_errors_2.csv.tmp,utf-8-sig,401690,5001,14,0.0299
TrainingData\fakeData\table_hp.csv,TrainingData\fakeData\table_hp.csv.tmp,utf-8-sig,234798,3926,7,0.018
TrainingData\fakeData\table_hpq.csv,TrainingData\fakeData\table_hpq.csv.tmp,utf-8-sig,235811,3926,7,0.0175
TrainingData\fakeData\table_ibm.csv,TrainingData\fakeData\table_ibm.csv.tmp,utf-8-sig,235568,3926,7,0.0185
TrainingData\fakeData\table_jbl.csv,TrainingData\fakeData\table_jbl.csv.tmp,utf-8-sig,233517,3926,7,0.0174
TrainingData\fakeData\table_jpm.csv,TrainingData\fakeData\table_jpm.csv.tmp,utf-8-sig,235448,3926,7,0.0174
TrainingData\fakeData\table_met.csv,TrainingData\fakeData\table_met.csv.tmp,utf-8-sig,200602,3357,7,0.0167
TrainingData\fakeData\table_nyx.csv,TrainingData\fakeData\table_nyx.csv.tmp,utf-8-sig,111176,1870,7,0.0171
TrainingData\fakeData\table_pcg.csv,TrainingData\fakeData\table_pcg.csv.tmp,utf-8-sig,233723,3926,7,0.0189
TrainingData\fakeData\table_usb.csv,TrainingData\fakeData\table_usb.csv.tmp,utf-8-sig,235367,3926,7,0.0184
TrainingData\fakeData\table_vrsn.csv,TrainingData\fakeData\table_vrsn.csv.tmp,utf-8-sig,227238,3907,7,0.0179
TrainingData\fakeData\table_yhoo.csv,TrainingData\fakeData\table_yhoo.csv.tmp,utf-8-sig,200882,3926,7,0.0165
TrainingData\fakeData\table_zmh.csv,TrainingData\fakeData\table_zmh.csv.tmp,utf-8-sig,180908,3020,7,0.0154
TrainingData\fakeData\user_behavior_dataset_with_errors_1.csv,TrainingData\fakeData\user_behavior_dataset_with_errors_1.csv.tmp,utf-8-sig,39652,701,11,0.0104
TrainingData\fakeData\user_behavior_dataset_with_errors_2.csv,TrainingData\fakeData\user_behavior_dataset_with_errors_2.csv.tmp,utf-8-sig,39837,701,11,0.0097
TrainingData\fakeData\BenfordZipsDatasets\Perfect_Benford_Dataset__10_Columns_.csv,TrainingData\fakeData\BenfordZipsDatasets\Perfect_Benford_Dataset__10_Columns_.csv.tmp,utf-8-sig,183335,1001,10,0.0379
TrainingData\fakeData\BenfordZipsDatasets\Perfect_Zipf_Dataset__10_Columns_.csv,TrainingData\fakeData\BenfordZipsDatasets\Perfect_Zipf_Dataset__10_Columns_.csv.tmp,utf-8-sig,74310,1001,10,0.0095
TrainingData/fakeData/anne_car_data_1.csv,results/result.csv,utf-8-sig,39685,551,12,0.2597
TrainingData\fakeData\anne_car_data_1.csv,TrainingData\fakeData\anne_car_data_1.csv.tmp,utf-8-sig,39523,551,12,0.0085
TrainingData\fakeData\car_price_data_generated.csv,TrainingData\fakeData\car_price_data_generated.csv.tmp,utf-8-sig,93640,1001,10,0.0108
TrainingData\fakeData\chatGPT_Benford_s_Law_Dataset.csv,TrainingData\fakeData\chatGPT_Benford_s_Law_Dataset.csv.tmp,utf-8-sig,50992,1001,10,0.011
TrainingData\fakeData\chatGPT_fakedata_1.csv,TrainingData\fakeData\chatGPT_fakedata_1.csv.tmp,utf-8-sig,97529,1001,8,0.0177
TrainingData\fakeData\chatGPT_fakedata_2.csv,TrainingData\fakeData\chatGPT_fakedata_2.csv.tmp,utf-8-sig,97529,1001,8,0.0175
TrainingData\fakeData\chatGPT_fakedata_3.csv,TrainingData\fakeData\chatGPT_fakedata_3.csv.tmp,utf-8-sig,191881,1001,15,0.0161
TrainingData\fakeData\chatGPT_fakedata_4.csv,TrainingData\fakeData\chatGPT_fakedata_4.csv.tmp,utf-8-sig,97529,1001,8,0.0178
TrainingData\fakeData\data-kFyc2cTUki-kacHEIvy4j.csv,TrainingData\fakeData\data-kFyc2cTUki-kacHEIvy4j.csv.tmp,utf-8-sig,98546,501,17,0.0112
TrainingData\fakeData\generatedatacom.csv,TrainingData\fakeData\generatedatacom.csv.tmp,utf-8-sig,70544,501,10,0.0094
TrainingData\fakeData\kaggle_reallooking_data.csv,TrainingData\fakeData\kaggle_reallooking_data.csv.tmp,utf-8-sig,558209,5001,11,0.0261
TrainingData\fakeData\Loan Prediction_with_errors_1.csv,TrainingData\fakeData\Loan Prediction_with_errors_1.csv.tmp,utf-8-sig,401339,5001,14,0.026
TrainingData\fakeData\Loan Prediction_with_errors_2.csv,TrainingData\fakeData\Loan Prediction_with_errors_2.csv.tmp,utf-8-sig,401690,5001,14,0.0246
TrainingData\fakeData\table_hp.csv,TrainingData\fakeData\table_hp.csv.tmp,utf-8-sig,234798,3926,7,0.0191
TrainingData\fakeData\table_hpq.csv,TrainingData\fakeData\table_hpq.csv.tmp,utf-8-sig,235811,3926,7,0.019
TrainingData\fakeData\table_ibm.csv,TrainingData\fakeData\table_ibm.csv.tmp,utf-8-sig,235568,3926,7,0.0179
TrainingData\fakeData\table_jbl.csv,TrainingData\fakeData\table_jbl.csv.tmp,utf-8-sig,233517,3926,7,0.0181
TrainingData\fakeData\table_jpm.csv,TrainingData\fakeData\table_jpm.csv.tmp,utf-8-sig,235448,3926,7,0.0178
TrainingData\fakeData\table_met.csv,TrainingData\fakeData\table_met.csv.tmp,utf-8-sig,200602,3357,7,0.0165
TrainingData\fakeData\table_nyx.csv,TrainingData\fakeData\table_nyx.csv.tmp,utf-8-sig,111176,1870,7,0.0129
TrainingData\fakeData\table_pcg.csv,TrainingData\fakeData\table_pcg.csv.tmp,utf-8-sig,233723,3926,7,0.0181
TrainingData\fakeData\table_usb.csv,TrainingData\fakeData\table_usb.csv.tmp,utf-8-sig,235367,3926,7,0.0178
TrainingData\fakeData\table_vrsn.csv,TrainingData\fakeData\table_vrsn.csv.tmp,utf-8-sig,227238,3907,7,0.0181
TrainingData\fakeData\table_yhoo.csv,TrainingData\fakeData\table_yhoo.csv.tmp,utf-8-sig,200882,3926,7,0.0195
TrainingData\fakeData\table_zmh.csv,TrainingData\fakeData\table_zmh.csv.tmp,utf-8-sig,180908,3020,7,0.0141
TrainingData\fakeData\user_behavior_dataset_with_errors_1.csv,TrainingData\fakeData\user_behavior_dataset_with_errors_1.csv.tmp,utf-8-sig,39652,701,11,0.0108
TrainingData\fakeData\user_behavior_dataset_with_errors_2.csv,TrainingData\fakeData\user_behavior_dataset_with_errors_2.csv.tmp,utf-8-sig,39837,701,11,0.0102
TrainingData\fakeData\BenfordZipsDatasets\Perfect_Benford_Dataset__10_Columns_.csv,TrainingData\fakeData\BenfordZipsDatasets\Perfect_Benford_Dataset__10_Columns_.csv.tmp,utf-8-sig,183323,1001,10,0.0166
TrainingData\fakeData\BenfordZipsDatasets\Perfect_Zipf_Dataset__10_Columns_.csv,TrainingData\fakeData\BenfordZipsDatasets\Perfect_Zipf_Dataset__10_Columns_.csv.tmp,utf-8-sig,74310,1001,10,0.0104
TrainingData\realData\breast_cancer_data_cleaned.csv,TrainingData\realData\breast_cancer_data_cleaned.csv.tmp,utf-8-sig,126145,570,32,0.013
TrainingData\realData\car_fuel_data.csv,TrainingData\realData\car_fuel_data.csv.tmp,utf-8-sig,39639,551,12,0.0096
TrainingData\realData\car_price_data.csv,TrainingData\realData\car_price_data.csv.tmp,utf-8-sig,287726,5001,10,0.0311
TrainingData\realData\CD.csv,TrainingData\realData\CD.csv.tmp,utf-8-sig,693442,5001,13,0.0283
TrainingData\realData\creditcard_data_cleaned.csv,TrainingData\realData\creditcard_data_cleaned.csv.tmp,utf-8-sig,2662724,5001,31,0.0749
TrainingData\realData\Global_Cybersecurity_Threats_2015-2024.csv,TrainingData\realData\Global_Cybersecurity_Threats_2015-2024.csv.tmp,utf-8-sig,254280,3001,10,0.0192
TrainingData\realData\horse_data.csv,TrainingData\realData\horse_data.csv.tmp,utf-8-sig,22674,301,28,0.008
TrainingData\realData\iris_data.csv,TrainingData\realData\iris_data.csv.tmp,utf-8-sig,4711,151,5,0.0018
TrainingData\realData\Loan Prediction_original.csv,TrainingData\realData\Loan Prediction_original.csv.tmp,utf-8-sig,403901,5001,14,0.0189
TrainingData\realData\pokemon_data.csv,TrainingData\realData\pokemon_data.csv.tmp,utf-8-sig,72578,906,12,0.0158
TrainingData\realData\sample_5000.csv,TrainingData\realData\sample_5000.csv.tmp,utf-8-sig,416127,5001,12,0.0195
TrainingData\realData\spotify_2023.csv,TrainingData\realData\spotify_2023.csv.tmp,utf-8-sig,114140,954,32,0.0133
TrainingData\realData\students_grading_data.csv,TrainingData\realData\students_grading_data.csv.tmp,utf-8-sig,696783,5001,23,0.0347
TrainingData\realData\students_performance_data_cleaned.csv,TrainingData\realData\students_performance_data_cleaned.csv.tmp,utf-8-sig,57021,1001,8,0.0086
TrainingData\realData\user_behavior_dataset_original.csv,TrainingData\realData\user_behavior_dataset_original.csv.tmp,utf-8-sig,39579,701,11,0.0123
TrainingData\realData\winequality-red.csv,TrainingData\realData\winequality-red.csv.tmp,utf-8-sig,98283,1600,12,0.0125
TrainingData\realData\cvap\BlockGr.csv,TrainingData\realData\cvap\BlockGr.csv.tmp,utf-8-sig,628995,5001,11,0.0275
TrainingData\realData\cvap\CD.csv,TrainingData\realData\cvap\CD.csv.tmp,utf-8-sig,693442,5001,13,0.0289
TrainingData\realData\cvap\County.csv,TrainingData\realData\cvap\County.csv.tmp,utf-8-sig,505145,5001,13,0.0282
TrainingData\realData\cvap\MCD.csv,TrainingData\realData\cvap\MCD.csv.tmp,utf-8-sig,596907,5001,14,0.0332
TrainingData\realData\cvap\Nation.csv,TrainingData\realData\cvap\Nation.csv.tmp,utf-8-sig,1570,14,12,0.0048
TrainingData\realData\cvap\Place.csv,TrainingData\realData\cvap\Place.csv.tmp,utf-8-sig,493449,5001,13,0.0334
TrainingData\realData\cvap\SLDLC.csv,TrainingData\realData\cvap\SLDLC.csv.tmp,utf-8-sig,608593,5001,13,0.0282
TrainingData\realData\cvap\SLDUC.csv,TrainingData\realData\cvap\SLDUC.csv.tmp,utf-8-sig,624029,5001,13,0.0281
TrainingData\realData\cvap\State.csv,TrainingData\realData\cvap\State.csv.tmp,utf-8-sig,66051,677,12,0.0092
TrainingData\realData\cvap\Tract.csv,TrainingData\realData\cvap\Tract.csv.tmp,utf-8-sig,559576,5001,10,0.0257
TrainingData\realData\EuroStat\demo_divcb.csv,TrainingData\realData\EuroStat\demo_divcb.csv.tmp,utf-8-sig,366204,5001,11,0.0235
TrainingData\realData\EuroStat\demo_divcz.csv,TrainingData\realData\EuroStat\demo_divcz.csv.tmp,utf-8-sig,369979,5001,11,0.0232
TrainingData\realData\EuroStat\demo_fabort.csv,TrainingData\realData\EuroStat\demo_fabort.csv.tmp,utf-8-sig,351139,5001,10,0.0222
TrainingData\realData\EuroStat\demo_fabortind.csv,TrainingData\realData\EuroStat\demo_fabortind.csv.tmp,utf-8-sig,36857,503,10,0.0089
TrainingData\realData\EuroStat\demo_fabortord.csv,TrainingData\realData\EuroStat\demo_fabortord.csv.tmp,utf-8-sig,375284,5001,11,0.023
TrainingData\realData\EuroStat\demo_facbc.csv,TrainingData\realData\EuroStat\demo_facbc.csv.tmp,utf-8-sig,365837,5001,11,0.0233
TrainingData\realData\EuroStat\demo_faczc.csv,TrainingData\realData\EuroStat\demo_faczc.csv.tmp,utf-8-sig,362893,5001,11,0.0233
TrainingData\realData\EuroStat\demo_faeduc.csv,TrainingData\realData\EuroStat\demo_faeduc.csv.tmp,utf-8-sig,352621,5001,11,0.0221
TrainingData\realData\EuroStat\demo_faemplc.csv,TrainingData\realData\EuroStat\demo_faemplc.csv.tmp,utf-8-sig,357866,5001,11,0.0246
TrainingData\realData\EuroStat\demo_fagec.csv,TrainingData\realData\EuroStat\demo_fagec.csv.tmp,utf-8-sig,361281,5001,11,0.026
TrainingData\realData\EuroStat\demo_fager.csv,TrainingData\realData\EuroStat\demo_fager.csv.tmp,utf-8-sig,349620,5001,11,0.0281
TrainingData\realData\EuroStat\demo_fasec.csv,TrainingData\realData\EuroStat\demo_fasec.csv.tmp,utf-8-sig,338392,5001,11,0.0221
TrainingData\realData\EuroStat\demo_find.csv,TrainingData\realData\EuroStat\demo_find.csv.tmp,utf-8-sig,336678,5001,9,0.0219
TrainingData\realData\EuroStat\demo_fmonth.csv,TrainingData\realData\EuroStat\demo_fmonth.csv.tmp,utf-8-sig,345093,5001,10,0.0245
TrainingData\realData\EuroStat\demo_fordagec.csv,TrainingData\realData\EuroStat\demo_fordagec.csv.tmp,utf-8-sig,364354,5001,11,0.024
TrainingData\realData\EuroStat\demo_fordager.csv,TrainingData\realData\EuroStat\demo_fordager.csv.tmp,utf-8-sig,354232,5001,11,0.0388
TrainingData\realData\EuroStat\demo_frate.csv,TrainingData\realData\EuroStat\demo_frate.csv.tmp,utf-8-sig,384069,5001,11,0.0229
TrainingData\realData\EuroStat\demo_fweight.csv,TrainingData\realData\EuroStat\demo_fweight.csv.tmp,utf-8-sig,382463,5001,11,0.0295
TrainingData\realData\EuroStat\demo_gind.csv,TrainingData\realData\EuroStat\demo_gind.csv.tmp,utf-8-sig,336674,5001,9,0.044
TrainingData\realData\EuroStat\demo_macbc.csv,TrainingData\realData\EuroStat\demo_macbc.csv.tmp,utf-8-sig,358600,5001,12,0.0252
TrainingData\realData\EuroStat\demo_maczc.csv,TrainingData\realData\EuroStat\demo_maczc.csv.tmp,utf-8-sig,356201,5001,12,0.0336
TrainingData\realData\EuroStat\demo_maeduc.csv,TrainingData\realData\EuroStat\demo_maeduc.csv.tmp,utf-8-sig,356821,5001,12,0.0296
TrainingData\realData\EuroStat\demo_magec.csv,TrainingData\realData\EuroStat\demo_magec.csv.tmp,utf-8-sig,340714,5001,11,0.1051
TrainingData\realData\EuroStat\demo_mager.csv,TrainingData\realData\EuroStat\demo_mager.csv.tmp,utf-8-sig,330902,5001,11,0.023
TrainingData\realData\EuroStat\demo_marcb.csv,TrainingData\realData\EuroStat\demo_marcb.csv.tmp,utf-8-sig,369640,5001,11,0.0235
TrainingData/fakeData/anne_car_data_1.csv,results/result.csv,utf-8-sig,39685,551,12,0.0031
TestData/realData\breast_cancer_data_cleaned.csv,TestData/realData\breast_cancer_data_cleaned.csv.tmp,utf-8-sig,126145,570,32,0.0076
TestData/realData\car_fuel_data.csv,TestData/realData\car_fuel_data.csv.tmp,utf-8-sig,39651,551,12,0.0026
TestData/realData\car_price_data.csv,TestData/realData\car_price_data.csv.tmp,utf-8-sig,287726,5001,10,0.0147
TestData/realData\CD.csv,TestData/realData\CD.csv.tmp,utf-8-sig,693442,5001,13,0.0238
TestData/realData\creditcard_data_cleaned.csv,TestData/realData\creditcard_data_cleaned.csv.tmp,utf-8-sig,2662724,5001,31,0.0719
TestData/realData\Global_Cybersecurity_Threats_2015-2024.csv,TestData/realData\Global_Cybersecurity_Threats_2015-2024.csv.tmp,utf-8-sig,254280,3001,10,0.0103
TestData/realData\horse_data.csv,TestData/realData\horse_data.csv.tmp,utf-8-sig,22674,301,28,0.0024
TestData/realData\iris_data.csv,TestData/realData\iris_data.csv.tmp,utf-8-sig,4711,151,5,0.0012
TestData/realData\Loan Prediction_original.csv,TestData/realData\Loan Prediction_original.csv.tmp,utf-8-sig,418856,5001,14,0.0183
TestData/realData\pokemon_data.csv,TestData/realData\pokemon_data.csv.tmp,utf-8-sig,75599,906,12,0.0042
TestData/realData\sample_5000.csv,TestData/realData\sample_5000.csv.tmp,utf-8-sig,446127,5001,12,0.0175
TestData/realData\spotify_2023.csv,TestData/realData\spotify_2023.csv.tmp,utf-8-sig,136804,954,32,0.0074
TestData/realData\students_grading_data.csv,TestData/realData\students_grading_data.csv.tmp,utf-8-sig,705264,5001,23,0.0286
TestData/realData\students_performance_data_cleaned.csv,TestData/realData\students_performance_data_cleaned.csv.tmp,utf-8-sig,57021,1001,8,0.0031
TestData/realData\user_behavior_dataset_original.csv,TestData/realData\user_behavior_dataset_original.csv.tmp,utf-8-sig,39579,701,11,0.0029
TestData/realData\winequality-red.csv,TestData/realData\winequality-red.csv.tmp,utf-8-sig,98283,1600,12,0.0054
TestData/realData\cvap\BlockGr.csv,TestData/realData\cvap\BlockGr.csv.tmp,utf-8-sig,628995,5001,11,0.022
TestData/realData\cvap\CD.csv,TestData/realData\cvap\CD.csv.tmp,utf-8-sig,693442,5001,13,0.0243
TestData/realData\cvap\County.csv,TestData/realData\cvap\County.csv.tmp,utf-8-sig,505145,5001,13,0.021
TestData/realData\cvap\MCD.csv,TestData/realData\cvap\MCD.csv.tmp,utf-8-sig,596907,5001,14,0.0229
TestData/realData\cvap\Nation.csv,TestData/realData\cvap\Nation.csv.tmp,utf-8-sig,1570,14,12,0.0011
TestData/realData\cvap\Place.csv,TestData/realData\cvap\Place.csv.tmp,utf-8-sig,493449,5001,13,0.021
TestData/realData\cvap\SLDLC.csv,TestData/realData\cvap\SLDLC.csv.tmp,utf-8-sig,608593,5001,13,0.0227
TestData/realData\cvap\SLDUC.csv,TestData/realData\cvap\SLDUC.csv.tmp,utf-8-sig,624029,5001,13,0.023
TestData/realData\cvap\State.csv,TestData/realData\cvap\State.csv.tmp,utf-8-sig,66051,677,12,0.0037
TestData/realData\cvap\Tract.csv,TestData/realData\cvap\Tract.csv.tmp,utf-8-sig,559576,5001,10,0.0204
TestData/realData\EuroStat\demo_divcb.csv,TestData/realData\EuroStat\demo_divcb.csv.tmp,utf-8-sig,396204,5001,11,0.0587
TestData/realData\EuroStat\demo_divcz.csv,TestData/realData\EuroStat\demo_divcz.csv.tmp,utf-8-sig,399925,5001,11,0.0166
TestData/realData\EuroStat\demo_fabort.csv,TestData/realData\EuroStat\demo_fabort.csv.tmp,utf-8-sig,381031,5001,10,0.0161
TestData/realData\EuroStat\demo_fabortind.csv,TestData/realData\EuroStat\demo_fabortind.csv.tmp,utf-8-sig,39854,503,10,0.0027
TestData/realData\EuroStat\demo_fabortord.csv,TestData/realData\EuroStat\demo_fabortord.csv.tmp,utf-8-sig,405038,5001,11,0.0237
TestData/realData\EuroStat\demo_facbc.csv,TestData/realData\EuroStat\demo_facbc.csv.tmp,utf-8-sig,395699,5001,11,0.0197
TestData/realData\EuroStat\demo_faczc.csv,TestData/realData\EuroStat\demo_faczc.csv.tmp,utf-8-sig,392587,5001,11,0.0211
TestData/realData\EuroStat\demo_faeduc.csv,TestData/realData\EuroStat\demo_faeduc.csv.tmp,utf-8-sig,382603,5001,11,0.0176
TestData/realData\EuroStat\demo_faemplc.csv,TestData/realData\EuroStat\demo_faemplc.csv.tmp,utf-8-sig,387854,5001,11,0.0174
TestData/realData\EuroStat\demo_fagec.csv,TestData/realData\EuroStat\demo_fagec.csv.tmp,utf-8-sig,391239,5001,11,0.0176
TestData/realData\EuroStat\demo_fager.csv,TestData/realData\EuroStat\demo_fager.csv.tmp,utf-8-sig,379548,5001,11,0.02
TestData/realData\EuroStat\demo_fasec.csv,TestData/realData\EuroStat\demo_fasec.csv.tmp,utf-8-sig,368251,5001,11,0.0211
TestData/realData\EuroStat\demo_find.csv,TestData/realData\EuroStat\demo_find.csv.tmp,utf-8-sig,366177,5001,9,0.0154
TestData/realData\EuroStat\demo_fmonth.csv,TestData/realData\EuroStat\demo_fmonth.csv.tmp,utf-8-sig,374880,5001,10,0.0163
TestData/realData\EuroStat\demo_fordagec.csv,TestData/realData\EuroStat\demo_fordagec.csv.tmp,utf-8-sig,394240,5001,11,0.0179
TestData/realData\EuroStat\demo_fordager.csv,TestData/realData\EuroStat\demo_fordager.csv.tmp,utf-8-sig,384076,5001,11,0.0166
TestData/realData\EuroStat\demo_frate.csv,TestData/realData\EuroStat\demo_frate.csv.tmp,utf-8-sig,413538,5001,11,0.017
TestData/realData\EuroStat\demo_fweight.csv,TestData/realData\EuroStat\demo_fweight.csv.tmp,utf-8-sig,412463,5001,11,0.0169
TestData/realData\EuroStat\demo_gind.csv,TestData/realData\EuroStat\demo_gind.csv.tmp,utf-8-sig,365891,5001,9,0.0152
TestData/realData\EuroStat\demo_macbc.csv,TestData/realData\EuroStat\demo_macbc.csv.tmp,utf-8-sig,388594,5001,12,0.0174
TestData/realData\EuroStat\demo_maczc.csv,TestData/realData\EuroStat\demo_maczc.csv.tmp,utf-8-sig,386024,5001,12,0.0173
TestData/realData\EuroStat\demo_maeduc.csv,TestData/realData\EuroStat\demo_maeduc.csv.tmp,utf-8-sig,386812,5001,12,0.0174
TestData/realData\EuroStat\demo_magec.csv,TestData/realData\EuroStat\demo_magec.csv.tmp,utf-8-sig,370699,5001,11,0.0165
TestData/realData\EuroStat\demo_mager.csv,TestData/realData\EuroStat\demo_mager.csv.tmp,utf-8-sig,360893,5001,11,0.0171
TestData/realData\EuroStat\demo_marcb.csv,TestData/realData\EuroStat\demo_marcb.csv.tmp,utf-8-sig,399640,5001,11,0.0168
TestData/fakeData\anne_car_data_2.csv,TestData/fakeData\anne_car_data_2.csv.tmp,utf-8-sig,39632,551,12,0.0342
TestData/fakeData\Artificial_Data.csv,TestData/fakeData\Artificial_Data.csv.tmp,utf-8-sig,192969,1001,15,0.0584
TestData/fakeData\data-LzAcLkrRxo5zBlB1iAJXy.csv,TestData/fakeData\data-LzAcLkrRxo5zBlB1iAJXy.csv.tmp,utf-8-sig,20059,501,5,0.0191
TestData/fakeData\Kaggle_Synthetic_Data.csv,TestData/fakeData\Kaggle_Synthetic_Data.csv.tmp,utf-8-sig,70802,1001,9,0.0548
TestData/fakeData\mackaroocom.csv,TestData/fakeData\mackaroocom.csv.tmp,utf-8-sig,63600,1001,6,0.0417
TestData/fakeData\random_dataset.csv,TestData/fakeData\random_dataset.csv.tmp,utf-8-sig,11438,201,8,0.0108
TestData/fakeData\sdv_hotel_data.csv,TestData/fakeData\sdv_hotel_data.csv.tmp,utf-8-sig,275476,2001,11,0.0519
TestData/fakeData\synthetic_city_data.csv,TestData/fakeData\synthetic_city_data.csv.tmp,utf-8-sig,70792,1001,10,0.0108
TestData/fakeData\synthetic_city_data2.csv,TestData/fakeData\synthetic_city_data2.csv.tmp,utf-8-sig,70888,1001,10,0.0302
TestData/fakeData\synthetic_city_data3.csv,TestData/fakeData\synthetic_city_data3.csv.tmp,utf-8-sig,70933,1001,10,0.0567
TestData/fakeData\BenfordZipsDatasets\Perfect_Benford_Dataset__10_Columns_.csv,TestData/fakeData\BenfordZipsDatasets\Perfect_Benford_Dataset__10_Columns_.csv.tmp,utf-8-sig,184435,1001,10,0.0349
TestData/fakeData\BenfordZipsDatasets\Perfect_Zipf_Dataset__10_Columns_.csv,TestData/fakeData\BenfordZipsDatasets\Perfect_Zipf_Dataset__10_Columns_.csv.tmp,utf-8-sig,74310,1001,10,0.0315
TestData/fakeData\fakeStockData\table_aa.csv,TestData/fakeData\fakeStockData\table_aa.csv.tmp,utf-8-sig,220288,3926,7,0.0565
TestData/fakeData\fakeStockData\table_aapl.csv,TestData/fakeData\fakeStockData\table_aapl.csv.tmp,utf-8-sig,218695,3926,7,0.0366
TestData/fakeData\fakeStockData\table_abc.csv,TestData/fakeData\fakeStockData\table_abc.csv.tmp,utf-8-sig,218101,3926,7,0.0619
TestData/fakeData\fakeStockData\table_aig.csv,TestData/fakeData\fakeStockData\table_aig.csv.tmp,utf-8-sig,211253,3926,7,0.0316
TestData/fakeData\fakeStockData\table_amzn.csv,TestData/fakeData\fakeStockData\table_amzn.csv.tmp,utf-8-sig,175846,3926,7,0.0591
TestData/fakeData\fakeStockData\table_bwa.csv,TestData/fakeData\fakeStockData\table_bwa.csv.tmp,utf-8-sig,219770,3926,7,0.044
TestData/fakeData\fakeStockData\table_cost.csv,TestData/fakeData\fakeStockData\table_cost.csv.tmp,utf-8-sig,218766,3926,7,0.0384
TestData/fakeData\fakeStockData\table_csco.csv,TestData/fakeData\fakeStockData\table_csco.csv.tmp,utf-8-sig,216601,3926,7,0.0175
TestData/fakeData\fakeStockData\table_d.csv,TestData/fakeData\fakeStockData\table_d.csv.tmp,utf-8-sig,218158,3926,7,0.0552
TestData/fakeData\fakeStockData\table_ebay.csv,TestData/fakeData\fakeStockData\table_ebay.csv.tmp,utf-8-sig,173121,3743,7,0.0644
TestData/fakeData\fakeStockData\table_goog.csv,TestData/fakeData\fakeStockData\table_goog.csv.tmp,utf-8-sig,105414,2260,7,0.0467
TrainingData/fakeData/anne_car_data_1.csv,results/result.csv,utf-8-sig,39685,551,12,0.0032
TestData/realData\21371-0001_de_flat.csv,TestData/realData\21371-0001_de_flat.csv.tmp,utf-8-sig,379602,1441,3,0.0108
TestData/realData\Amazon stock data 2000-2025.csv,TestData/realData\Amazon stock data 2000-2025.csv.tmp,utf-8-sig,798814,6322,7,0.0765
TestData/realData\AnimalCrossingAccessories.csv,TestData/realData\AnimalCrossingAccessories.csv.tmp,utf-8-sig,51660,223,22,0.0445
TestData/realData\bank_transactions_data_2.csv,TestData/realData\bank_transactions_data_2.csv.tmp,utf-8-sig,347493,2513,16,0.046
TestData/realData\big4_financial_risk_compliance.csv,TestData/realData\big4_financial_risk_compliance.csv.tmp,utf-8-sig,6040,101,12,0.0176
TestData/realData\Elite Sports Cars in Data.csv,TestData/realData\Elite Sports Cars in Data.csv.tmp,utf-8-sig,825453,5001,27,0.0665
TestData/realData\JPM_1940-01-01_2025-03-04.csv,TestData/realData\JPM_1940-01-01_2025-03-04.csv.tmp,utf-8-sig,1330201,11334,7,0.0947
TestData/realData\meets.csv,TestData/realData\meets.csv.tmp,utf-8-sig,631784,8483,8,0.0843
TestData/realData\Mobiles Dataset (2025).csv,TestData/realData\Mobiles Dataset (2025).csv.tmp,utf-8-sig,140323,931,15,0.037
TestData/realData\titanic.csv,TestData/realData\titanic.csv.tmp,utf-8-sig,61192,892,12,0.0343
TestData/realData\twitchdata-update.csv,TestData/realData\twitchdata-update.csv.tmp,utf-8-sig,79963,1001,11,0.0447
TestData/realData\AnxietyData\enhanced_anxiety_dataset.csv,TestData/realData\AnxietyData\enhanced_anxiety_dataset.csv.tmp,utf-8-sig,752759,11001,19,0.1077
TestData/realData\AnxietyData\family_anxiety_14_dataset.csv,TestData/realData\AnxietyData\family_anxiety_14_dataset.csv.tmp,utf-8-sig,744672,11001,19,0.1151
TestData/realData\EuroStat\acf_s_ne.csv,TestData/realData\EuroStat\acf_s_ne.csv.tmp,utf-8-sig,64870,961,11,0.0401
TestData/realData\EuroStat\acf_s_own.csv,TestData/realData\EuroStat\acf_s_own.csv.tmp,utf-8-sig,545185,7201,12,0.058
TestData/realData\EuroStat\acf_s_ty.csv,TestData/realData\EuroStat\acf_s_ty.csv.tmp,utf-8-sig,416111,5761,12,0.0712
TestData/realData\EuroStat\aei_ef_ir.csv,TestData/realData\EuroStat\aei_ef_ir.csv.tmp,utf-8-sig,201190,2833,10,0.0795
TestData/realData\EuroStat\aei_ef_ls.csv,TestData/realData\EuroStat\aei_ef_ls.csv.tmp,utf-8-sig,625227,8783,10,0.1013
TestData/realData\EuroStat\aei_ef_lu.csv,TestData/realData\EuroStat\aei_ef_lu.csv.tmp,utf-8-sig,393941,5588,10,0.0497
TestData/realData\EuroStat\aei_fm_ms.csv,TestData/realData\EuroStat\aei_fm_ms.csv.tmp,utf-8-sig,2286884,31659,10,0.2293
TestData/realData\EuroStat\aei_fm_salpest09.csv,TestData/realData\EuroStat\aei_fm_salpest09.csv.tmp,utf-8-sig,3248845,44642,10,0.2445
TestData/realData\EuroStat\aei_fm_usefert.csv,TestData/realData\EuroStat\aei_fm_usefert.csv.tmp,utf-8-sig,340437,4983,10,0.0776
TestData/realData\EuroStat\aei_hri.csv,TestData/realData\EuroStat\aei_hri.csv.tmp,utf-8-sig,53375,730,10,0.0349
TestData/realData\EuroStat\aei_pestsal_rsk.csv,TestData/realData\EuroStat\aei_pestsal_rsk.csv.tmp,utf-8-sig,142190,1957,10,0.0498
TestData/realData\EuroStat\aei_pestuse.csv,TestData/realData\EuroStat\aei_pestuse.csv.tmp,utf-8-sig,5929920,81521,11,0.5469
TestData/realData\EuroStat\aei_pr_gnb.csv,TestData/realData\EuroStat\aei_pr_gnb.csv.tmp,utf-8-sig,4297294,61154,10,0.4439
TestData/realData\EuroStat\aei_pr_soiler.csv,TestData/realData\EuroStat\aei_pr_soiler.csv.tmp,utf-8-sig,32964129,392401,11,2.3106
TestData/realData\EuroStat\aei_ps_inp.csv,TestData/realData\EuroStat\aei_ps_inp.csv.tmp,utf-8-sig,2941864,39707,10,0.1943
TestData/realData\EuroStat\agr_r_accts.csv,TestData/realData\EuroStat\agr_r_accts.csv.tmp,utf-8-sig,384010341,4760592,11,20.3032
TestData/realData\EuroStat\agr_r_accts_h.csv,TestData/realData\EuroStat\agr_r_accts_h.csv.tmp,utf-8-sig,195724348,2320008,11,12.8375
TestData/realData\EuroStat\agr_r_animal.csv,TestData/realData\EuroStat\agr_r_animal.csv.tmp,utf-8-sig,33556768,440037,10,2.6065
TestData/realData\EuroStat\agr_r_milkpr.csv,TestData/realData\EuroStat\agr_r_milkpr.csv.tmp,utf-8-sig,857704,11498,10,0.0631
TestData/realData\EuroStat\estat_hlth_dh010_filtered_en.csv,TestData/realData\EuroStat\estat_hlth_dh010_filtered_en.csv.tmp,utf-8-sig,53839,379,13,0.0495
TestData/realData\EuroStat\estat_hlth_silc_18_filtered_en.csv,TestData/realData\EuroStat\estat_hlth_silc_18_filtered_en.csv.tmp,utf-8-sig,46317,361,13,0.0651
TestData/realData\EuroStat\mar_go_aa.csv,TestData/realData\EuroStat\mar_go_aa.csv.tmp,utf-8-sig,6612925,90863,10,0.7577
TestData/realData\EuroStat\mar_go_am_be.csv,TestData/realData\EuroStat\mar_go_am_be.csv.tmp,utf-8-sig,138229896,1620554,13,8.5882
TestData/realData\EuroStat\mar_go_am_bg.csv,TestData/realData\EuroStat\mar_go_am_bg.csv.tmp,utf-8-sig,24847972,292596,13,1.8347
TestData/realData\EuroStat\mar_go_am_cy.csv,TestData/realData\EuroStat\mar_go_am_cy.csv.tmp,utf-8-sig,25358500,298127,13,1.2884
TestData/realData\EuroStat\mar_go_am_de.csv,TestData/realData\EuroStat\mar_go_am_de.csv.tmp,utf-8-sig,254850707,2987433,13,13.0418
TestData/realData\EuroStat\mar_go_am_dk.csv,TestData/realData\EuroStat\mar_go_am_dk.csv.tmp,utf-8-sig,83255446,962437,13,4.628
TestData/realData\EuroStat\mar_go_am_ee.csv,TestData/realData\EuroStat\mar_go_am_ee.csv.tmp,utf-8-sig,25180956,293861,13,1.4721
TestData/realData\EuroStat\mar_go_am_el.csv,TestData/realData\EuroStat\mar_go_am_el.csv.tmp,utf-8-sig,90736713,1055721,13,4.8647
TestData/realData\EuroStat\mar_go_am_es.csv,TestData/realData\EuroStat\mar_go_am_es.csv.tmp,utf-8-sig,529847246,6174718,13,28.2834
TestData/realData\EuroStat\mar_go_am_fi.csv,TestData/realData\EuroStat\mar_go_am_fi.csv.tmp,utf-8-sig,82207803,946161,13,5.688
TestData/realData\EuroStat\mar_go_am_fr.csv,TestData/realData\EuroStat\mar_go_am_fr.csv.tmp,utf-8-sig,324597387,3808511,13,16.4396
TestData/realData\EuroStat\mar_go_am_hr.csv,TestData/realData\EuroStat\mar_go_am_hr.csv.tmp,utf-8-sig,17654502,206572,13,1.1324
TestData/realData\EuroStat\mar_go_am_ie.csv,TestData/realData\EuroStat\mar_go_am_ie.csv.tmp,utf-8-sig,30143319,350612,13,1.5498
TestData/realData\EuroStat\mar_go_am_it.csv,TestData/realData\EuroStat\mar_go_am_it.csv.tmp,utf-8-sig,282447608,3259214,13,15.2328
TestData/realData\EuroStat\mar_go_am_lt.csv,TestData/realData\EuroStat\mar_go_am_lt.csv.tmp,utf-8-sig,21792381,256753,13,0.9617
TestData/realData\EuroStat\mar_go_am_lv.csv,TestData/realData\EuroStat\mar_go_am_lv.csv.tmp,utf-8-sig,31113606,363404,13,1.5268
TestData/realData\EuroStat\mar_go_am_me.csv,TestData/realData\EuroStat\mar_go_am_me.csv.tmp,utf-8-sig,1295730,15263,13,0.0991
TestData/realData\EuroStat\mar_go_am_mt.csv,TestData/realData\EuroStat\mar_go_am_mt.csv.tmp,utf-8-sig,27314744,321252,13,1.2269
TestData/realData\EuroStat\mar_go_am_nl.csv,TestData/realData\EuroStat\mar_go_am_nl.csv.tmp,utf-8-sig,195457465,2279185,13,10.4124
TestData/realData\EuroStat\mar_go_am_no.csv,TestData/realData\EuroStat\mar_go_am_no.csv.tmp,utf-8-sig,100826831,1160468,13,5.0343
TestData/realData\EuroStat\mar_go_am_pl.csv,TestData/realData\EuroStat\mar_go_am_pl.csv.tmp,utf-8-sig,44753833,521956,13,2.5173
TestData/realData\EuroStat\mar_go_am_pt.csv,TestData/realData\EuroStat\mar_go_am_pt.csv.tmp,utf-8-sig,103202971,1205573,13,6.9875
TestData/realData\EuroStat\mar_go_am_ro.csv,TestData/realData\EuroStat\mar_go_am_ro.csv.tmp,utf-8-sig,30346684,357522,13,1.3807
TestData/realData\EuroStat\mar_go_am_se.csv,TestData/realData\EuroStat\mar_go_am_se.csv.tmp,utf-8-sig,180860405,2103092,13,9.8772
TestData/realData\EuroStat\mar_go_am_si.csv,TestData/realData\EuroStat\mar_go_am_si.csv.tmp,utf-8-sig,17375744,204800,13,0.8735
TestData/realData\EuroStat\naida_10_a10.csv,TestData/realData\EuroStat\naida_10_a10.csv.tmp,utf-8-sig,8844985,113461,11,0.3972
TestData/realData\EuroStat\naida_10_gdp.csv,TestData/realData\EuroStat\naida_10_gdp.csv.tmp,utf-8-sig,22766271,300775,10,1.3939
TestData/realData\EuroStat\naida_10_pe.csv,TestData/realData\EuroStat\naida_10_pe.csv.tmp,utf-8-sig,1386634,17967,10,0.0816
TestData/realData\EuroStat\naidq_10_a10.csv,TestData/realData\EuroStat\naidq_10_a10.csv.tmp,utf-8-sig,33474680,394072,12,2.6209
TestData/realData\EuroStat\naidq_10_gdp.csv,TestData/realData\EuroStat\naidq_10_gdp.csv.tmp,utf-8-sig,78221786,944098,11,4.6868
TestData/realData\EuroStat\naidq_10_pe.csv,TestData/realData\EuroStat\naidq_10_pe.csv.tmp,utf-8-sig,5521282,65630,11,0.3336
TestData/realData\EuroStat\naidsa_10_f_bs.csv,TestData/realData\EuroStat\naidsa_10_f_bs.csv.tmp,utf-8-sig,536089813,6157236,13,26.4077
TestData/realData\EuroStat\naidsa_10_f_tr.csv,TestData/realData\EuroStat\naidsa_10_f_tr.csv.tmp,utf-8-sig,532663485,6146982,13,30.3864
TestData/realData\EuroStat\naidsa_10_nf_tr.csv,TestData/realData\EuroStat\naidsa_10_nf_tr.csv.tmp,utf-8-sig,159741647,1881167,12,9.3482
TestData/realData\EuroStat\naidsq_10_f_bs.csv,TestData/realData\EuroStat\naidsq_10_f_bs.csv.tmp,utf-8-sig,830814058,8862147,13,38.9921
TestData/realData\EuroStat\naidsq_10_f_tr.csv,TestData/realData\EuroStat\naidsq_10_f_tr.csv.tmp,utf-8-sig,760695109,8185044,13,36.4412
TestData/realData\EuroStat\naidsq_10_nf_tr.csv,TestData/realData\EuroStat\naidsq_10_nf_tr.csv.tmp,utf-8-sig,287118843,3125922,13,13.5504
TestData/realData\EuroStat\naio_10_cp15.csv,TestData/realData\EuroStat\naio_10_cp15.csv.tmp,utf-8-sig,416280294,4870699,12,20.3571
TestData/realData\EuroStat\naio_10_cp16.csv,TestData/realData\EuroStat\naio_10_cp16.csv.tmp,utf-8-sig,456053379,5321104,12,22.0726
TestData/realData\EuroStat\naio_10_cp1610.csv,TestData/realData\EuroStat\naio_10_cp1610.csv.tmp,utf-8-sig,987755519,11307462,12,48.834
TestData/realData\EuroStat\naio_10_cp1620.csv,TestData/realData\EuroStat\naio_10_cp1620.csv.tmp,utf-8-sig,248356564,2862325,12,11.5619
TestData/realData\EuroStat\naio_10_cp1630.csv,TestData/realData\EuroStat\naio_10_cp1630.csv.tmp,utf-8-sig,252259196,2901992,12,11.6339
TestData/realData\EuroStat\naio_10_cp1700.csv,TestData/realData\EuroStat\naio_10_cp1700.csv.tmp,utf-8-sig,667015111,7315997,12,30.9882
TestData/realData\EuroStat\naio_10_cp1750.csv,TestData/realData\EuroStat\naio_10_cp1750.csv.tmp,utf-8-sig,323205612,3815273,12,14.9663
TestData/realData\EuroStat\Populationbyeducationalattainment levelsexageandlevelofdisability.csv,TestData/realData\EuroStat\Populationbyeducationalattainment levelsexageandlevelofdisability.csv.tmp,utf-8-sig,37609,198,13,0.0281
TestData/fakeData\anne_car_data_2.csv,TestData/fakeData\anne_car_data_2.csv.tmp,utf-8-sig,39632,551,12,0.0027
TestData/fakeData\Artificial_Data.csv,TestData/fakeData\Artificial_Data.csv.tmp,utf-8-sig,192969,1001,15,0.0064
TestData/fakeData\data-LzAcLkrRxo5zBlB1iAJXy.csv,TestData/fakeData\data-LzAcLkrRxo5zBlB1iAJXy.csv.tmp,utf-8-sig,20059,501,5,0.002
TestData/fakeData\Kaggle_Synthetic_Data.csv,TestData/fakeData\Kaggle_Synthetic_Data.csv.tmp,utf-8-sig,70802,1001,9,0.0035
TestData/fakeData\mackaroocom.csv,TestData/fakeData\mackaroocom.csv.tmp,utf-8-sig,63600,1001,6,0.0032
TestData/fakeData\random_dataset.csv,TestData/fakeData\random_dataset.csv.tmp,utf-8-sig,11438,201,8,0.0013
TestData/fakeData\sdv_hotel_data.csv,TestData/fakeData\sdv_hotel_data.csv.tmp,utf-8-sig,276028,2001,11,0.0095
TestData/fakeData\synthetic_city_data.csv,TestData/fakeData\synthetic_city_data.csv.tmp,utf-8-sig,70792,1001,10,0.0036
TestData/fakeData\synthetic_city_data2.csv,TestData/fakeData\synthetic_city_data2.csv.tmp,utf-8-sig,70888,1001,10,0.0037
TestData/fakeData\synthetic_city_data3.csv,TestData/fakeData\synthetic_city_data3.csv.tmp,utf-8-sig,70933,1001,10,0.0038
TestData/fakeData\BenfordZipsDatasets\Perfect_Benford_Dataset__10_Columns_.csv,TestData/fakeData\BenfordZipsDatasets\Perfect_Benford_Dataset__10_Columns_.csv.tmp,utf-8-sig,184435,1001,10,0.0061
TestData/fakeData\BenfordZipsDatasets\Perfect_Zipf_Dataset__10_Columns_.csv,TestData/fakeData\BenfordZipsDatasets\Perfect_Zipf_Dataset__10_Columns_.csv.tmp,utf-8-sig,74310,1001,10,0.0038
TestData/fakeData\fakeStockData\table_aa.csv,TestData/fakeData\fakeStockData\table_aa.csv.tmp,utf-8-sig,220288,3926,7,0.0102
TestData/fakeData\fakeStockData\table_aapl.csv,TestData/fakeData\fakeStockData\table_aapl.csv.tmp,utf-8-sig,218695,3926,7,0.0097
TestData/fakeData\fakeStockData\table_abc.csv,TestData/fakeData\fakeStockData\table_abc.csv.tmp,utf-8-sig,218101,3926,7,0.0096
TestData/fakeData\fakeStockData\table_aig.csv,TestData/fakeData\fakeStockData\table_aig.csv.tmp,utf-8-sig,211253,3926,7,0.0093
TestData/fakeData\fakeStockData\table_amzn.csv,TestData/fakeData\fakeStockData\table_amzn.csv.tmp,utf-8-sig,175846,3926,7,0.0082
TestData/fakeData\fakeStockData\table_bwa.csv,TestData/fakeData\fakeStockData\table_bwa.csv.tmp,utf-8-sig,219770,3926,7,0.0093
TestData/fakeData\fakeStockData\table_cost.csv,TestData/fakeData\fakeStockData\table_cost.csv.tmp,utf-8-sig,218766,3926,7,0.0095
TestData/fakeData\fakeStockData\table_csco.csv,TestData/fakeData\fakeStockData\table_csco.csv.tmp,utf-8-sig,216601,3926,7,0.0093
TestData/fakeData\fakeStockData\table_d.csv,TestData/fakeData\fakeStockData\table_d.csv.tmp,utf-8-sig,218158,3926,7,0.0093
TestData/fakeData\fakeStockData\table_ebay.csv,TestData/fakeData\fakeStockData\table_ebay.csv.tmp,utf-8-sig,173121,3743,7,0.0082
TestData/fakeData\fakeStockData\table_goog.csv,TestData/fakeData\fakeStockData\table_goog.csv.tmp,utf-8-sig,105414,2260,7,0.0054
